ID,ASIN,Phone,Page,Prix,Vendeur,Expéditeur,Etat,Note Vendeur,Timestamp
195949823763.0,B0DGHRL7DB,Iphone 16 512Go Noir Titane,0,1349.00,Amazon,Amazon,Neuf,N/A,2024-10-28 12:11:00
195949823763.0,B0DGHRL7DB,Iphone 16 512Go Noir Titane,1,1295.04,Amazon Seconde main,Amazon,D'occasion - Très bon,N/A,2024-10-28 12:11:01
195949822865.0,B0DGHSG5CD,Iphone 16 256Go Noir Titane,0,1099.00,Amazon,Amazon,Neuf,N/A,2024-10-28 12:15:20
195949822865.0,B0DGHSG5CD,Iphone 16 256Go Noir Titane,1,1055.04,Amazon Seconde main,Amazon,D'occasion - Très bon,N/A,2024-10-28 12:15:21
195949821967.0,B0DGHY5KG8,Iphone 16 128Go Noir Titane,0,969.00,Amazon,Amazon,Neuf,N/A,2024-10-28 12:19:40
195949724169.0,B0DGJ4RRSD,Iphone 16 plus 512Go Noir,0,1499.00,Amazon,Amazon,Neuf,N/A,2024-10-28 12:24:00
195949723216.0,B0DGHMSMST,Iphone 16 plus 256Go Noir,0,1249.00,Amazon,Amazon,Neuf,N/A,2024-10-28 12:28:20
195949723216.0,B0DGHMSMST,Iphone 16 plus 256Go Noir,1,1172.66,Amazon Seconde main,Amazon,D'occasion - Très bon,N/A,2024-10-28 12:28:22
195949723216.0,B0DGHMSMST,Iphone 16 plus 256Go Noir,1,1184.87,Amazon Seconde main,Amazon,D'occasion - Comme neuf,N/A,2024-10-28 12:28:22
195949722264.0,B0DGHRPFTH,Iphone 16 plus 128Go Noir,0,1119.00,Amazon,Amazon,Neuf,N/A,2024-10-28 12:32:41
195949722264.0,B0DGHRPFTH,Iphone 16 plus 128Go Noir,1,1074.24,Amazon Seconde main,Amazon,D'occasion - Très bon,N/A,2024-10-28 12:32:42
195949773488.0,B0DGHZDQ82,Iphone 16 pro 1T Noir Titanium,0,1775.28,N/A,Amazon,Neuf,N/A,2024-10-28 12:37:01
195949037863.0,B0CHX6SD96,Iphone 15 512Go Noir,0,1189.00,Amazon,Amazon,Neuf,N/A,2024-10-28 12:41:21
195949036965.0,B0CHX13YPM,Iphone 15 256Go Noir,0,993.97,Amazon,Amazon,Neuf,N/A,2024-10-28 12:45:41
195949036965.0,B0CHX13YPM,Iphone 15 256Go Noir,1,819.96,Amazon Seconde main,Amazon,D'occasion - Très bon,N/A,2024-10-28 12:45:42
195949036064.0,B0CHXFCYCR,Iphone 15 128Go Noir,0,809.00,Amazon,Amazon,Neuf,N/A,2024-10-28 12:50:02
195949036064.0,B0CHXFCYCR,Iphone 15 128Go Noir,1,776.64,Amazon Seconde main,Amazon,D'occasion - Très bon,N/A,2024-10-28 12:50:04
195949036064.0,B0CHXFCYCR,Iphone 15 128Go Noir,1,776.64,Amazon Seconde main,Amazon,D'occasion - Très bon,N/A,2024-10-28 12:50:04
195949036064.0,B0CHXFCYCR,Iphone 15 128Go Noir,1,776.64,Amazon Seconde main,Amazon,D'occasion - Très bon,N/A,2024-10-28 12:50:04
195949036064.0,B0CHXFCYCR,Iphone 15 128Go Noir,1,776.64,Amazon Seconde main,Amazon,D'occasion - Très bon,N/A,2024-10-28 12:50:04
195949036064.0,B0CHXFCYCR,Iphone 15 128Go Noir,1,776.64,Amazon Seconde main,Amazon,D'occasion - Très bon,N/A,2024-10-28 12:50:04
195949036064.0,B0CHXFCYCR,Iphone 15 128Go Noir,1,776.64,Amazon Seconde main,Amazon,D'occasion - Très bon,N/A,2024-10-28 12:50:04
195949036064.0,B0CHXFCYCR,Iphone 15 128Go Noir,1,776.64,Amazon Seconde main,Amazon,D'occasion - Très bon,N/A,2024-10-28 12:50:04
195949042539.0,B0CHXFFT8Z,Iphone 15+ 512Go Noir,0,1349.00,Amazon,Amazon,Neuf,N/A,2024-10-28 12:54:22
195949041631.0,B0CHX9XFRN,Iphone 15+ 256Go Noir,0,1039.00,Amazon,Amazon,Neuf,N/A,2024-10-28 12:58:42
195949040733.0,B0CHX3ZTJQ,Iphone 15+ 128Go Noir,0,969.00,Amazon,Amazon,Neuf,N/A,2024-10-28 13:03:02
195949020735.0,B0CHWZ6YYV,Iphone 15 pro 1T Noir Titanium,0,1623.53,Amazon,Amazon,Neuf,N/A,2024-10-28 13:07:22
195949823763.0,B0DGHRL7DB,Iphone 16 512Go Noir Titane,0,1349.00,Amazon,Amazon,Neuf,N/A,2024-10-28 13:12:24
195949823763.0,B0DGHRL7DB,Iphone 16 512Go Noir Titane,1,1295.04,Amazon Seconde main,Amazon,D'occasion - Très bon,N/A,2024-10-28 13:12:26
195949822865.0,B0DGHSG5CD,Iphone 16 256Go Noir Titane,0,1099.00,Amazon,Amazon,Neuf,N/A,2024-10-28 13:16:44
195949822865.0,B0DGHSG5CD,Iphone 16 256Go Noir Titane,1,1055.04,Amazon Seconde main,Amazon,D'occasion - Très bon,N/A,2024-10-28 13:16:46
195949821967.0,B0DGHY5KG8,Iphone 16 128Go Noir Titane,0,969.00,Amazon,Amazon,Neuf,N/A,2024-10-28 13:21:05
195949724169.0,B0DGJ4RRSD,Iphone 16 plus 512Go Noir,0,1499.00,Amazon,Amazon,Neuf,N/A,2024-10-28 13:25:25
195949723216.0,B0DGHMSMST,Iphone 16 plus 256Go Noir,0,1249.00,Amazon,Amazon,Neuf,N/A,2024-10-28 13:29:45
195949723216.0,B0DGHMSMST,Iphone 16 plus 256Go Noir,1,1172.66,Amazon Seconde main,Amazon,D'occasion - Très bon,N/A,2024-10-28 13:29:46
195949723216.0,B0DGHMSMST,Iphone 16 plus 256Go Noir,1,1184.87,Amazon Seconde main,Amazon,D'occasion - Comme neuf,N/A,2024-10-28 13:29:46
195949723216.0,B0DGHMSMST,Iphone 16 plus 256Go Noir,1,1184.87,Amazon Seconde main,Amazon,D'occasion - Comme neuf,N/A,2024-10-28 13:29:46
195949722264.0,B0DGHRPFTH,Iphone 16 plus 128Go Noir,0,1119.00,Amazon,Amazon,Neuf,N/A,2024-10-28 13:34:05
195949722264.0,B0DGHRPFTH,Iphone 16 plus 128Go Noir,1,1074.24,Amazon Seconde main,Amazon,D'occasion - Très bon,N/A,2024-10-28 13:34:07
195949773488.0,B0DGHZDQ82,Iphone 16 pro 1T Noir Titanium,0,1775.28,N/A,Amazon,Neuf,N/A,2024-10-28 13:38:25
195949037863.0,B0CHX6SD96,Iphone 15 512Go Noir,0,1189.00,Amazon,Amazon,Neuf,N/A,2024-10-28 13:42:45
195949036965.0,B0CHX13YPM,Iphone 15 256Go Noir,0,994.01,Amazon,Amazon,Neuf,N/A,2024-10-28 13:47:05
195949036965.0,B0CHX13YPM,Iphone 15 256Go Noir,1,819.96,Amazon Seconde main,Amazon,D'occasion - Très bon,N/A,2024-10-28 13:47:07
195949036064.0,B0CHXFCYCR,Iphone 15 128Go Noir,0,809.00,Amazon,Amazon,Neuf,N/A,2024-10-28 13:51:26
195949036064.0,B0CHXFCYCR,Iphone 15 128Go Noir,1,776.64,Amazon Seconde main,Amazon,D'occasion - Très bon,N/A,2024-10-28 13:51:28
195949042539.0,B0CHXFFT8Z,Iphone 15+ 512Go Noir,0,1349.00,Amazon,Amazon,Neuf,N/A,2024-10-28 13:55:46
195949041631.0,B0CHX9XFRN,Iphone 15+ 256Go Noir,0,1039.00,Amazon,Amazon,Neuf,N/A,2024-10-28 14:00:06
195949040733.0,B0CHX3ZTJQ,Iphone 15+ 128Go Noir,0,969.00,Amazon,Amazon,Neuf,N/A,2024-10-28 14:04:27
195949020735.0,B0CHWZ6YYV,Iphone 15 pro 1T Noir Titanium,0,1623.53,Amazon,Amazon,Neuf,N/A,2024-10-28 14:08:46
195949823763.0,B0DGHRL7DB,Iphone 16 512Go Noir Titane,0,1349.00,Amazon,Amazon,Neuf,N/A,2024-10-28 14:13:49
195949823763.0,B0DGHRL7DB,Iphone 16 512Go Noir Titane,1,1295.04,Amazon Seconde main,Amazon,D'occasion - Très bon,N/A,2024-10-28 14:13:50
195949822865.0,B0DGHSG5CD,Iphone 16 256Go Noir Titane,0,1099.00,Amazon,Amazon,Neuf,N/A,2024-10-28 14:18:09
195949822865.0,B0DGHSG5CD,Iphone 16 256Go Noir Titane,1,1055.04,Amazon Seconde main,Amazon,D'occasion - Très bon,N/A,2024-10-28 14:18:10
195949821967.0,B0DGHY5KG8,Iphone 16 128Go Noir Titane,0,969.00,Amazon,Amazon,Neuf,N/A,2024-10-28 14:22:29
195949724169.0,B0DGJ4RRSD,Iphone 16 plus 512Go Noir,0,1499.00,Amazon,Amazon,Neuf,N/A,2024-10-28 14:26:49
195949723216.0,B0DGHMSMST,Iphone 16 plus 256Go Noir,0,1249.00,Amazon,Amazon,Neuf,N/A,2024-10-28 14:31:09
195949723216.0,B0DGHMSMST,Iphone 16 plus 256Go Noir,1,1172.66,Amazon Seconde main,Amazon,D'occasion - Très bon,N/A,2024-10-28 14:31:11
195949723216.0,B0DGHMSMST,Iphone 16 plus 256Go Noir,1,1184.87,Amazon Seconde main,Amazon,D'occasion - Comme neuf,N/A,2024-10-28 14:31:11
195949722264.0,B0DGHRPFTH,Iphone 16 plus 128Go Noir,0,1119.00,Amazon,Amazon,Neuf,N/A,2024-10-28 14:35:30
195949722264.0,B0DGHRPFTH,Iphone 16 plus 128Go Noir,1,1074.24,Amazon Seconde main,Amazon,D'occasion - Très bon,N/A,2024-10-28 14:35:31
195949722264.0,B0DGHRPFTH,Iphone 16 plus 128Go Noir,1,1074.24,Amazon Seconde main,Amazon,D'occasion - Très bon,N/A,2024-10-28 14:35:31
195949773488.0,B0DGHZDQ82,Iphone 16 pro 1T Noir Titanium,0,N/A,N/A,N/A,Neuf,N/A,2024-10-28 14:39:49
195949037863.0,B0CHX6SD96,Iphone 15 512Go Noir,0,1189.00,Amazon,Amazon,Neuf,N/A,2024-10-28 14:44:09
195949036965.0,B0CHX13YPM,Iphone 15 256Go Noir,0,994.05,Amazon,Amazon,Neuf,N/A,2024-10-28 14:48:29
195949036965.0,B0CHX13YPM,Iphone 15 256Go Noir,1,819.96,Amazon Seconde main,Amazon,D'occasion - Très bon,N/A,2024-10-28 14:48:31
195949036064.0,B0CHXFCYCR,Iphone 15 128Go Noir,0,809.00,Amazon,Amazon,Neuf,N/A,2024-10-28 14:52:50
195949036064.0,B0CHXFCYCR,Iphone 15 128Go Noir,1,776.64,Amazon Seconde main,Amazon,D'occasion - Très bon,N/A,2024-10-28 14:52:52
195949042539.0,B0CHXFFT8Z,Iphone 15+ 512Go Noir,0,1349.00,Amazon,Amazon,Neuf,N/A,2024-10-28 14:57:11
195949041631.0,B0CHX9XFRN,Iphone 15+ 256Go Noir,0,1039.00,Amazon,Amazon,Neuf,N/A,2024-10-28 15:01:31
195949040733.0,B0CHX3ZTJQ,Iphone 15+ 128Go Noir,0,969.00,Amazon,Amazon,Neuf,N/A,2024-10-28 15:05:51
195949020735.0,B0CHWZ6YYV,Iphone 15 pro 1T Noir Titanium,0,1623.53,Amazon,Amazon,Neuf,N/A,2024-10-28 15:10:11
195949823763.0,B0DGHRL7DB,Iphone 16 512Go Noir Titane,0,1349.00,Amazon,Amazon,Neuf,N/A,2024-10-28 15:15:14
195949823763.0,B0DGHRL7DB,Iphone 16 512Go Noir Titane,1,1295.04,Amazon Seconde main,Amazon,D'occasion - Très bon,N/A,2024-10-28 15:15:15
195949822865.0,B0DGHSG5CD,Iphone 16 256Go Noir Titane,0,1099.00,Amazon,Amazon,Neuf,N/A,2024-10-28 15:19:34
195949822865.0,B0DGHSG5CD,Iphone 16 256Go Noir Titane,1,1055.04,Amazon Seconde main,Amazon,D'occasion - Très bon,N/A,2024-10-28 15:19:35
195949821967.0,B0DGHY5KG8,Iphone 16 128Go Noir Titane,0,969.00,Amazon,Amazon,Neuf,N/A,2024-10-28 15:23:54
195949724169.0,B0DGJ4RRSD,Iphone 16 plus 512Go Noir,0,1499.00,Amazon,Amazon,Neuf,N/A,2024-10-28 15:28:14
195949723216.0,B0DGHMSMST,Iphone 16 plus 256Go Noir,0,1249.00,Amazon,Amazon,Neuf,N/A,2024-10-28 15:32:34
195949723216.0,B0DGHMSMST,Iphone 16 plus 256Go Noir,1,1172.66,Amazon Seconde main,Amazon,D'occasion - Très bon,N/A,2024-10-28 15:32:36
195949723216.0,B0DGHMSMST,Iphone 16 plus 256Go Noir,1,1184.87,Amazon Seconde main,Amazon,D'occasion - Comme neuf,N/A,2024-10-28 15:32:36
195949723216.0,B0DGHMSMST,Iphone 16 plus 256Go Noir,1,1184.87,Amazon Seconde main,Amazon,D'occasion - Comme neuf,N/A,2024-10-28 15:32:36
195949722264.0,B0DGHRPFTH,Iphone 16 plus 128Go Noir,0,1119.00,Amazon,Amazon,Neuf,N/A,2024-10-28 15:36:55
195949722264.0,B0DGHRPFTH,Iphone 16 plus 128Go Noir,1,1074.24,Amazon Seconde main,Amazon,D'occasion - Très bon,N/A,2024-10-28 15:36:56
195949722264.0,B0DGHRPFTH,Iphone 16 plus 128Go Noir,1,1074.24,Amazon Seconde main,Amazon,D'occasion - Très bon,N/A,2024-10-28 15:36:56
195949773488.0,B0DGHZDQ82,Iphone 16 pro 1T Noir Titanium,0,N/A,N/A,N/A,Neuf,N/A,2024-10-28 15:41:15
195949037863.0,B0CHX6SD96,Iphone 15 512Go Noir,0,1189.00,Amazon,Amazon,Neuf,N/A,2024-10-28 15:45:34
195949036965.0,B0CHX13YPM,Iphone 15 256Go Noir,0,994.09,Amazon,Amazon,Neuf,N/A,2024-10-28 15:49:55
195949036965.0,B0CHX13YPM,Iphone 15 256Go Noir,1,819.96,Amazon Seconde main,Amazon,D'occasion - Très bon,N/A,2024-10-28 15:49:56
195949036064.0,B0CHXFCYCR,Iphone 15 128Go Noir,0,809.00,Amazon,Amazon,Neuf,N/A,2024-10-28 15:54:15
195949036064.0,B0CHXFCYCR,Iphone 15 128Go Noir,1,776.64,Amazon Seconde main,Amazon,D'occasion - Très bon,N/A,2024-10-28 15:54:17
195949036064.0,B0CHXFCYCR,Iphone 15 128Go Noir,1,776.64,Amazon Seconde main,Amazon,D'occasion - Très bon,N/A,2024-10-28 15:54:17
195949036064.0,B0CHXFCYCR,Iphone 15 128Go Noir,1,776.64,Amazon Seconde main,Amazon,D'occasion - Très bon,N/A,2024-10-28 15:54:17
195949036064.0,B0CHXFCYCR,Iphone 15 128Go Noir,1,776.64,Amazon Seconde main,Amazon,D'occasion - Très bon,N/A,2024-10-28 15:54:17
195949036064.0,B0CHXFCYCR,Iphone 15 128Go Noir,1,776.64,Amazon Seconde main,Amazon,D'occasion - Très bon,N/A,2024-10-28 15:54:17
195949036064.0,B0CHXFCYCR,Iphone 15 128Go Noir,1,776.64,Amazon Seconde main,Amazon,D'occasion - Très bon,N/A,2024-10-28 15:54:17
195949036064.0,B0CHXFCYCR,Iphone 15 128Go Noir,1,776.64,Amazon Seconde main,Amazon,D'occasion - Très bon,N/A,2024-10-28 15:54:17
195949042539.0,B0CHXFFT8Z,Iphone 15+ 512Go Noir,0,1349.00,Amazon,Amazon,Neuf,N/A,2024-10-28 15:58:36
195949041631.0,B0CHX9XFRN,Iphone 15+ 256Go Noir,0,1039.00,Amazon,Amazon,Neuf,N/A,2024-10-28 16:02:56
195949040733.0,B0CHX3ZTJQ,Iphone 15+ 128Go Noir,0,969.00,Amazon,Amazon,Neuf,N/A,2024-10-28 16:07:16
195949020735.0,B0CHWZ6YYV,Iphone 15 pro 1T Noir Titanium,0,1623.53,Amazon,Amazon,Neuf,N/A,2024-10-28 16:11:36
195949823763.0,B0DGHRL7DB,Iphone 16 512Go Noir Titane,0,1349.00,Amazon,Amazon,Neuf,N/A,2024-10-28 16:16:38
195949823763.0,B0DGHRL7DB,Iphone 16 512Go Noir Titane,1,1295.04,Amazon Seconde main,Amazon,D'occasion - Très bon,N/A,2024-10-28 16:16:40
195949822865.0,B0DGHSG5CD,Iphone 16 256Go Noir Titane,0,1099.00,Amazon,Amazon,Neuf,N/A,2024-10-28 16:20:58
195949822865.0,B0DGHSG5CD,Iphone 16 256Go Noir Titane,1,1055.04,Amazon Seconde main,Amazon,D'occasion - Très bon,N/A,2024-10-28 16:21:00
195949821967.0,B0DGHY5KG8,Iphone 16 128Go Noir Titane,0,969.00,Amazon,Amazon,Neuf,N/A,2024-10-28 16:25:18
195949724169.0,B0DGJ4RRSD,Iphone 16 plus 512Go Noir,0,1499.00,Amazon,Amazon,Neuf,N/A,2024-10-28 16:29:38
195949723216.0,B0DGHMSMST,Iphone 16 plus 256Go Noir,0,1249.00,Amazon,Amazon,Neuf,N/A,2024-10-28 16:33:59
195949723216.0,B0DGHMSMST,Iphone 16 plus 256Go Noir,1,1172.66,Amazon Seconde main,Amazon,D'occasion - Très bon,N/A,2024-10-28 16:34:00
195949723216.0,B0DGHMSMST,Iphone 16 plus 256Go Noir,1,1184.87,Amazon Seconde main,Amazon,D'occasion - Comme neuf,N/A,2024-10-28 16:34:00
195949723216.0,B0DGHMSMST,Iphone 16 plus 256Go Noir,1,1184.87,Amazon Seconde main,Amazon,D'occasion - Comme neuf,N/A,2024-10-28 16:34:00
195949722264.0,B0DGHRPFTH,Iphone 16 plus 128Go Noir,0,1119.00,Amazon,Amazon,Neuf,N/A,2024-10-28 16:38:19
195949722264.0,B0DGHRPFTH,Iphone 16 plus 128Go Noir,1,1074.24,Amazon Seconde main,Amazon,D'occasion - Très bon,N/A,2024-10-28 16:38:21
195949722264.0,B0DGHRPFTH,Iphone 16 plus 128Go Noir,1,1074.24,Amazon Seconde main,Amazon,D'occasion - Très bon,N/A,2024-10-28 16:38:21
195949773488.0,B0DGHZDQ82,Iphone 16 pro 1T Noir Titanium,0,1793.77,N/A,Amazon,Neuf,N/A,2024-10-28 16:42:39
195949773488.0,B0DGHZDQ82,Iphone 16 pro 1T Noir Titanium,1,1793.77,Amazon Seconde main,Amazon,D'occasion - Comme neuf,N/A,2024-10-28 16:42:41
195949037863.0,B0CHX6SD96,Iphone 15 512Go Noir,0,1189.00,Amazon,Amazon,Neuf,N/A,2024-10-28 16:46:59
195949036965.0,B0CHX13YPM,Iphone 15 256Go Noir,0,994.14,Amazon,Amazon,Neuf,N/A,2024-10-28 16:51:19
195949036965.0,B0CHX13YPM,Iphone 15 256Go Noir,1,819.96,Amazon Seconde main,Amazon,D'occasion - Très bon,N/A,2024-10-28 16:51:21
195949036064.0,B0CHXFCYCR,Iphone 15 128Go Noir,0,809.00,Amazon,Amazon,Neuf,N/A,2024-10-28 16:55:40
195949036064.0,B0CHXFCYCR,Iphone 15 128Go Noir,1,776.64,Amazon Seconde main,Amazon,D'occasion - Très bon,N/A,2024-10-28 16:55:42
195949036064.0,B0CHXFCYCR,Iphone 15 128Go Noir,1,776.64,Amazon Seconde main,Amazon,D'occasion - Très bon,N/A,2024-10-28 16:55:42
195949036064.0,B0CHXFCYCR,Iphone 15 128Go Noir,1,776.64,Amazon Seconde main,Amazon,D'occasion - Très bon,N/A,2024-10-28 16:55:42
195949036064.0,B0CHXFCYCR,Iphone 15 128Go Noir,1,776.64,Amazon Seconde main,Amazon,D'occasion - Très bon,N/A,2024-10-28 16:55:42
195949036064.0,B0CHXFCYCR,Iphone 15 128Go Noir,1,776.64,Amazon Seconde main,Amazon,D'occasion - Très bon,N/A,2024-10-28 16:55:42
195949036064.0,B0CHXFCYCR,Iphone 15 128Go Noir,1,776.64,Amazon Seconde main,Amazon,D'occasion - Très bon,N/A,2024-10-28 16:55:42
195949036064.0,B0CHXFCYCR,Iphone 15 128Go Noir,1,776.64,Amazon Seconde main,Amazon,D'occasion - Très bon,N/A,2024-10-28 16:55:42
195949042539.0,B0CHXFFT8Z,Iphone 15+ 512Go Noir,0,1349.00,Amazon,Amazon,Neuf,N/A,2024-10-28 17:00:00
195949041631.0,B0CHX9XFRN,Iphone 15+ 256Go Noir,0,1039.00,Amazon,Amazon,Neuf,N/A,2024-10-28 17:04:20
195949040733.0,B0CHX3ZTJQ,Iphone 15+ 128Go Noir,0,969.00,Amazon,Amazon,Neuf,N/A,2024-10-28 17:08:40
195949020735.0,B0CHWZ6YYV,Iphone 15 pro 1T Noir Titanium,0,1623.53,Amazon,Amazon,Neuf,N/A,2024-10-28 17:13:00
195949823763.0,B0DGHRL7DB,Iphone 16 512Go Noir Titane,0,1349.00,Amazon,Amazon,Neuf,N/A,2024-10-28 17:18:03
195949823763.0,B0DGHRL7DB,Iphone 16 512Go Noir Titane,1,1295.04,Amazon Seconde main,Amazon,D'occasion - Très bon,N/A,2024-10-28 17:18:04
195949822865.0,B0DGHSG5CD,Iphone 16 256Go Noir Titane,0,1099.00,Amazon,Amazon,Neuf,N/A,2024-10-28 17:22:23
195949822865.0,B0DGHSG5CD,Iphone 16 256Go Noir Titane,1,1055.04,Amazon Seconde main,Amazon,D'occasion - Très bon,N/A,2024-10-28 17:22:24
195949821967.0,B0DGHY5KG8,Iphone 16 128Go Noir Titane,0,969.00,Amazon,Amazon,Neuf,N/A,2024-10-28 17:26:43
195949724169.0,B0DGJ4RRSD,Iphone 16 plus 512Go Noir,0,1499.00,Amazon,Amazon,Neuf,N/A,2024-10-28 17:31:03
195949723216.0,B0DGHMSMST,Iphone 16 plus 256Go Noir,0,1249.00,Amazon,Amazon,Neuf,N/A,2024-10-28 17:35:23
195949723216.0,B0DGHMSMST,Iphone 16 plus 256Go Noir,1,1172.66,Amazon Seconde main,Amazon,D'occasion - Très bon,N/A,2024-10-28 17:35:25
195949723216.0,B0DGHMSMST,Iphone 16 plus 256Go Noir,1,1184.87,Amazon Seconde main,Amazon,D'occasion - Comme neuf,N/A,2024-10-28 17:35:25
195949722264.0,B0DGHRPFTH,Iphone 16 plus 128Go Noir,0,1119.00,Amazon,Amazon,Neuf,N/A,2024-10-28 17:39:43
195949722264.0,B0DGHRPFTH,Iphone 16 plus 128Go Noir,1,1074.24,Amazon Seconde main,Amazon,D'occasion - Très bon,N/A,2024-10-28 17:39:45
195949773488.0,B0DGHZDQ82,Iphone 16 pro 1T Noir Titanium,0,N/A,N/A,N/A,Neuf,N/A,2024-10-28 17:44:03
195949037863.0,B0CHX6SD96,Iphone 15 512Go Noir,0,1189.00,Amazon,Amazon,Neuf,N/A,2024-10-28 17:48:23
195949036965.0,B0CHX13YPM,Iphone 15 256Go Noir,0,994.18,Amazon,Amazon,Neuf,N/A,2024-10-28 17:52:43
195949036965.0,B0CHX13YPM,Iphone 15 256Go Noir,1,819.96,Amazon Seconde main,Amazon,D'occasion - Très bon,N/A,2024-10-28 17:52:45
195949036064.0,B0CHXFCYCR,Iphone 15 128Go Noir,0,809.00,Amazon,Amazon,Neuf,N/A,2024-10-28 17:57:04
195949036064.0,B0CHXFCYCR,Iphone 15 128Go Noir,1,776.64,Amazon Seconde main,Amazon,D'occasion - Très bon,N/A,2024-10-28 17:57:06
195949036064.0,B0CHXFCYCR,Iphone 15 128Go Noir,1,776.64,Amazon Seconde main,Amazon,D'occasion - Très bon,N/A,2024-10-28 17:57:06
195949036064.0,B0CHXFCYCR,Iphone 15 128Go Noir,1,776.64,Amazon Seconde main,Amazon,D'occasion - Très bon,N/A,2024-10-28 17:57:06
195949036064.0,B0CHXFCYCR,Iphone 15 128Go Noir,1,776.64,Amazon Seconde main,Amazon,D'occasion - Très bon,N/A,2024-10-28 17:57:06
195949036064.0,B0CHXFCYCR,Iphone 15 128Go Noir,1,776.64,Amazon Seconde main,Amazon,D'occasion - Très bon,N/A,2024-10-28 17:57:06
195949036064.0,B0CHXFCYCR,Iphone 15 128Go Noir,1,776.64,Amazon Seconde main,Amazon,D'occasion - Très bon,N/A,2024-10-28 17:57:06
195949036064.0,B0CHXFCYCR,Iphone 15 128Go Noir,1,776.64,Amazon Seconde main,Amazon,D'occasion - Très bon,N/A,2024-10-28 17:57:06
195949042539.0,B0CHXFFT8Z,Iphone 15+ 512Go Noir,0,1349.00,Amazon,Amazon,Neuf,N/A,2024-10-28 18:01:24
195949041631.0,B0CHX9XFRN,Iphone 15+ 256Go Noir,0,1039.00,Amazon,Amazon,Neuf,N/A,2024-10-28 18:05:44
195949040733.0,B0CHX3ZTJQ,Iphone 15+ 128Go Noir,0,969.00,Amazon,Amazon,Neuf,N/A,2024-10-28 18:10:04
195949020735.0,B0CHWZ6YYV,Iphone 15 pro 1T Noir Titanium,0,1623.53,Amazon,Amazon,Neuf,N/A,2024-10-28 18:14:24
195949823763.0,B0DGHRL7DB,Iphone 16 512Go Noir Titane,0,1349.00,Amazon,Amazon,Neuf,N/A,2024-10-28 18:19:27
195949823763.0,B0DGHRL7DB,Iphone 16 512Go Noir Titane,1,1295.04,Amazon Seconde main,Amazon,D'occasion - Très bon,N/A,2024-10-28 18:19:28
195949822865.0,B0DGHSG5CD,Iphone 16 256Go Noir Titane,0,1099.00,Amazon,Amazon,Neuf,N/A,2024-10-28 18:23:47
195949822865.0,B0DGHSG5CD,Iphone 16 256Go Noir Titane,1,1055.04,Amazon Seconde main,Amazon,D'occasion - Très bon,N/A,2024-10-28 18:23:48
195949821967.0,B0DGHY5KG8,Iphone 16 128Go Noir Titane,0,969.00,Amazon,Amazon,Neuf,N/A,2024-10-28 18:28:07
195949724169.0,B0DGJ4RRSD,Iphone 16 plus 512Go Noir,0,1499.00,Amazon,Amazon,Neuf,N/A,2024-10-28 18:32:27
195949723216.0,B0DGHMSMST,Iphone 16 plus 256Go Noir,0,1249.00,Amazon,Amazon,Neuf,N/A,2024-10-28 18:36:47
195949723216.0,B0DGHMSMST,Iphone 16 plus 256Go Noir,1,1172.66,Amazon Seconde main,Amazon,D'occasion - Très bon,N/A,2024-10-28 18:36:49
195949723216.0,B0DGHMSMST,Iphone 16 plus 256Go Noir,1,1184.87,Amazon Seconde main,Amazon,D'occasion - Comme neuf,N/A,2024-10-28 18:36:49
195949722264.0,B0DGHRPFTH,Iphone 16 plus 128Go Noir,0,1119.00,Amazon,Amazon,Neuf,N/A,2024-10-28 18:41:08
195949722264.0,B0DGHRPFTH,Iphone 16 plus 128Go Noir,1,1074.24,Amazon Seconde main,Amazon,D'occasion - Très bon,N/A,2024-10-28 18:41:09
195949773488.0,B0DGHZDQ82,Iphone 16 pro 1T Noir Titanium,0,1775.28,N/A,Amazon,Neuf,N/A,2024-10-28 18:45:28
195949037863.0,B0CHX6SD96,Iphone 15 512Go Noir,0,1189.00,Amazon,Amazon,Neuf,N/A,2024-10-28 18:49:48
195949036965.0,B0CHX13YPM,Iphone 15 256Go Noir,0,994.21,Amazon,Amazon,Neuf,N/A,2024-10-28 18:54:08
195949036965.0,B0CHX13YPM,Iphone 15 256Go Noir,1,819.96,Amazon Seconde main,Amazon,D'occasion - Très bon,N/A,2024-10-28 18:54:10
195949036064.0,B0CHXFCYCR,Iphone 15 128Go Noir,0,809.00,Amazon,Amazon,Neuf,N/A,2024-10-28 18:58:29
195949036064.0,B0CHXFCYCR,Iphone 15 128Go Noir,1,776.64,Amazon Seconde main,Amazon,D'occasion - Très bon,N/A,2024-10-28 18:58:31
195949036064.0,B0CHXFCYCR,Iphone 15 128Go Noir,1,776.64,Amazon Seconde main,Amazon,D'occasion - Très bon,N/A,2024-10-28 18:58:31
195949036064.0,B0CHXFCYCR,Iphone 15 128Go Noir,1,776.64,Amazon Seconde main,Amazon,D'occasion - Très bon,N/A,2024-10-28 18:58:31
195949036064.0,B0CHXFCYCR,Iphone 15 128Go Noir,1,776.64,Amazon Seconde main,Amazon,D'occasion - Très bon,N/A,2024-10-28 18:58:31
195949036064.0,B0CHXFCYCR,Iphone 15 128Go Noir,1,776.64,Amazon Seconde main,Amazon,D'occasion - Très bon,N/A,2024-10-28 18:58:31
195949036064.0,B0CHXFCYCR,Iphone 15 128Go Noir,1,776.64,Amazon Seconde main,Amazon,D'occasion - Très bon,N/A,2024-10-28 18:58:31
195949036064.0,B0CHXFCYCR,Iphone 15 128Go Noir,1,776.64,Amazon Seconde main,Amazon,D'occasion - Très bon,N/A,2024-10-28 18:58:31
195949042539.0,B0CHXFFT8Z,Iphone 15+ 512Go Noir,0,1349.00,Amazon,Amazon,Neuf,N/A,2024-10-28 19:02:50
195949041631.0,B0CHX9XFRN,Iphone 15+ 256Go Noir,0,1039.00,Amazon,Amazon,Neuf,N/A,2024-10-28 19:07:10
195949040733.0,B0CHX3ZTJQ,Iphone 15+ 128Go Noir,0,969.00,Amazon,Amazon,Neuf,N/A,2024-10-28 19:11:30
195949020735.0,B0CHWZ6YYV,Iphone 15 pro 1T Noir Titanium,0,1623.53,Amazon,Amazon,Neuf,N/A,2024-10-28 19:15:50
195949823763.0,B0DGHRL7DB,Iphone 16 512Go Noir Titane,0,1349.00,Amazon,Amazon,Neuf,N/A,2024-10-28 19:20:52
195949823763.0,B0DGHRL7DB,Iphone 16 512Go Noir Titane,1,1295.04,Amazon Seconde main,Amazon,D'occasion - Très bon,N/A,2024-10-28 19:20:54
195949822865.0,B0DGHSG5CD,Iphone 16 256Go Noir Titane,0,1099.00,Amazon,Amazon,Neuf,N/A,2024-10-28 19:25:13
195949822865.0,B0DGHSG5CD,Iphone 16 256Go Noir Titane,1,1055.04,Amazon Seconde main,Amazon,D'occasion - Très bon,N/A,2024-10-28 19:25:14
195949821967.0,B0DGHY5KG8,Iphone 16 128Go Noir Titane,0,969.00,Amazon,Amazon,Neuf,N/A,2024-10-28 19:29:33
195949724169.0,B0DGJ4RRSD,Iphone 16 plus 512Go Noir,0,1499.00,Amazon,Amazon,Neuf,N/A,2024-10-28 19:33:53
195949723216.0,B0DGHMSMST,Iphone 16 plus 256Go Noir,0,1249.00,Amazon,Amazon,Neuf,N/A,2024-10-28 19:38:13
195949723216.0,B0DGHMSMST,Iphone 16 plus 256Go Noir,1,1172.66,Amazon Seconde main,Amazon,D'occasion - Très bon,N/A,2024-10-28 19:38:15
195949723216.0,B0DGHMSMST,Iphone 16 plus 256Go Noir,1,1184.87,Amazon Seconde main,Amazon,D'occasion - Comme neuf,N/A,2024-10-28 19:38:15
195949722264.0,B0DGHRPFTH,Iphone 16 plus 128Go Noir,0,1119.00,Amazon,Amazon,Neuf,N/A,2024-10-28 19:42:33
195949722264.0,B0DGHRPFTH,Iphone 16 plus 128Go Noir,1,1074.24,Amazon Seconde main,Amazon,D'occasion - Très bon,N/A,2024-10-28 19:42:35
195949773488.0,B0DGHZDQ82,Iphone 16 pro 1T Noir Titanium,0,1775.28,N/A,Amazon,Neuf,N/A,2024-10-28 19:46:54
195949037863.0,B0CHX6SD96,Iphone 15 512Go Noir,0,1189.00,Amazon,Amazon,Neuf,N/A,2024-10-28 19:51:13
195949036965.0,B0CHX13YPM,Iphone 15 256Go Noir,0,994.25,Amazon,Amazon,Neuf,N/A,2024-10-28 19:55:34
195949036965.0,B0CHX13YPM,Iphone 15 256Go Noir,1,819.96,Amazon Seconde main,Amazon,D'occasion - Très bon,N/A,2024-10-28 19:55:35
195949036064.0,B0CHXFCYCR,Iphone 15 128Go Noir,0,809.00,Amazon,Amazon,Neuf,N/A,2024-10-28 19:59:54
195949036064.0,B0CHXFCYCR,Iphone 15 128Go Noir,1,776.64,Amazon Seconde main,Amazon,D'occasion - Très bon,N/A,2024-10-28 19:59:56
195949036064.0,B0CHXFCYCR,Iphone 15 128Go Noir,1,776.64,Amazon Seconde main,Amazon,D'occasion - Très bon,N/A,2024-10-28 19:59:56
195949036064.0,B0CHXFCYCR,Iphone 15 128Go Noir,1,776.64,Amazon Seconde main,Amazon,D'occasion - Très bon,N/A,2024-10-28 19:59:56
195949036064.0,B0CHXFCYCR,Iphone 15 128Go Noir,1,776.64,Amazon Seconde main,Amazon,D'occasion - Très bon,N/A,2024-10-28 19:59:56
195949036064.0,B0CHXFCYCR,Iphone 15 128Go Noir,1,776.64,Amazon Seconde main,Amazon,D'occasion - Très bon,N/A,2024-10-28 19:59:56
195949036064.0,B0CHXFCYCR,Iphone 15 128Go Noir,1,776.64,Amazon Seconde main,Amazon,D'occasion - Très bon,N/A,2024-10-28 19:59:56
195949036064.0,B0CHXFCYCR,Iphone 15 128Go Noir,1,776.64,Amazon Seconde main,Amazon,D'occasion - Très bon,N/A,2024-10-28 19:59:56
195949042539.0,B0CHXFFT8Z,Iphone 15+ 512Go Noir,0,1349.00,Amazon,Amazon,Neuf,N/A,2024-10-28 20:04:15
195949041631.0,B0CHX9XFRN,Iphone 15+ 256Go Noir,0,1039.00,Amazon,Amazon,Neuf,N/A,2024-10-28 20:08:35
195949040733.0,B0CHX3ZTJQ,Iphone 15+ 128Go Noir,0,969.00,Amazon,Amazon,Neuf,N/A,2024-10-28 20:12:55
195949020735.0,B0CHWZ6YYV,Iphone 15 pro 1T Noir Titanium,0,1623.53,Amazon,Amazon,Neuf,N/A,2024-10-28 20:17:15
195949823763.0,B0DGHRL7DB,Iphone 16 512Go Noir Titane,0,1349.00,Amazon,Amazon,Neuf,N/A,2024-10-28 20:22:17
195949823763.0,B0DGHRL7DB,Iphone 16 512Go Noir Titane,1,1295.04,Amazon Seconde main,Amazon,D'occasion - Très bon,N/A,2024-10-28 20:22:19
195949822865.0,B0DGHSG5CD,Iphone 16 256Go Noir Titane,0,1099.00,Amazon,Amazon,Neuf,N/A,2024-10-28 20:26:37
195949822865.0,B0DGHSG5CD,Iphone 16 256Go Noir Titane,1,1055.04,Amazon Seconde main,Amazon,D'occasion - Très bon,N/A,2024-10-28 20:26:39
195949821967.0,B0DGHY5KG8,Iphone 16 128Go Noir Titane,0,969.00,Amazon,Amazon,Neuf,N/A,2024-10-28 20:30:57
195949724169.0,B0DGJ4RRSD,Iphone 16 plus 512Go Noir,0,1499.00,Amazon,Amazon,Neuf,N/A,2024-10-28 20:35:17
195949723216.0,B0DGHMSMST,Iphone 16 plus 256Go Noir,0,1249.00,Amazon,Amazon,Neuf,N/A,2024-10-28 20:39:38
195949723216.0,B0DGHMSMST,Iphone 16 plus 256Go Noir,1,1172.66,Amazon Seconde main,Amazon,D'occasion - Très bon,N/A,2024-10-28 20:39:39
195949723216.0,B0DGHMSMST,Iphone 16 plus 256Go Noir,1,1184.87,Amazon Seconde main,Amazon,D'occasion - Comme neuf,N/A,2024-10-28 20:39:39
195949723216.0,B0DGHMSMST,Iphone 16 plus 256Go Noir,1,1184.87,Amazon Seconde main,Amazon,D'occasion - Comme neuf,N/A,2024-10-28 20:39:39
195949722264.0,B0DGHRPFTH,Iphone 16 plus 128Go Noir,0,1119.00,Amazon,Amazon,Neuf,N/A,2024-10-28 20:43:58
195949722264.0,B0DGHRPFTH,Iphone 16 plus 128Go Noir,1,1074.24,Amazon Seconde main,Amazon,D'occasion - Très bon,N/A,2024-10-28 20:44:00
195949722264.0,B0DGHRPFTH,Iphone 16 plus 128Go Noir,1,1074.24,Amazon Seconde main,Amazon,D'occasion - Très bon,N/A,2024-10-28 20:44:00
195949773488.0,B0DGHZDQ82,Iphone 16 pro 1T Noir Titanium,0,1262.10,N/A,Amazon,Neuf,N/A,2024-10-28 20:48:18
195949037863.0,B0CHX6SD96,Iphone 15 512Go Noir,0,1189.00,Amazon,Amazon,Neuf,N/A,2024-10-28 20:52:38
195949036965.0,B0CHX13YPM,Iphone 15 256Go Noir,0,994.30,Amazon,Amazon,Neuf,N/A,2024-10-28 20:56:58
195949036965.0,B0CHX13YPM,Iphone 15 256Go Noir,1,819.96,Amazon Seconde main,Amazon,D'occasion - Très bon,N/A,2024-10-28 20:57:00
195949036064.0,B0CHXFCYCR,Iphone 15 128Go Noir,0,809.00,Amazon,Amazon,Neuf,N/A,2024-10-28 21:01:19
195949036064.0,B0CHXFCYCR,Iphone 15 128Go Noir,1,776.64,Amazon Seconde main,Amazon,D'occasion - Très bon,N/A,2024-10-28 21:01:21
195949042539.0,B0CHXFFT8Z,Iphone 15+ 512Go Noir,0,1349.00,Amazon,Amazon,Neuf,N/A,2024-10-28 21:05:39
195949041631.0,B0CHX9XFRN,Iphone 15+ 256Go Noir,0,1039.00,Amazon,Amazon,Neuf,N/A,2024-10-28 21:09:59
195949040733.0,B0CHX3ZTJQ,Iphone 15+ 128Go Noir,0,969.00,Amazon,Amazon,Neuf,N/A,2024-10-28 21:14:19
195949020735.0,B0CHWZ6YYV,Iphone 15 pro 1T Noir Titanium,0,1623.53,Amazon,Amazon,Neuf,N/A,2024-10-28 21:18:39
195949823763.0,B0DGHRL7DB,Iphone 16 512Go Noir Titane,0,1349.00,Amazon,Amazon,Neuf,N/A,2024-10-28 21:23:41
195949823763.0,B0DGHRL7DB,Iphone 16 512Go Noir Titane,1,1295.04,Amazon Seconde main,Amazon,D'occasion - Très bon,N/A,2024-10-28 21:23:43
195949822865.0,B0DGHSG5CD,Iphone 16 256Go Noir Titane,0,1099.00,Amazon,Amazon,Neuf,N/A,2024-10-28 21:28:01
195949822865.0,B0DGHSG5CD,Iphone 16 256Go Noir Titane,1,1055.04,Amazon Seconde main,Amazon,D'occasion - Très bon,N/A,2024-10-28 21:28:03
195949821967.0,B0DGHY5KG8,Iphone 16 128Go Noir Titane,0,969.00,Amazon,Amazon,Neuf,N/A,2024-10-28 21:32:21
195949724169.0,B0DGJ4RRSD,Iphone 16 plus 512Go Noir,0,1499.00,Amazon,Amazon,Neuf,N/A,2024-10-28 21:36:41
195949723216.0,B0DGHMSMST,Iphone 16 plus 256Go Noir,0,1249.00,Amazon,Amazon,Neuf,N/A,2024-10-28 21:41:02
195949723216.0,B0DGHMSMST,Iphone 16 plus 256Go Noir,1,1172.66,Amazon Seconde main,Amazon,D'occasion - Très bon,N/A,2024-10-28 21:41:03
195949723216.0,B0DGHMSMST,Iphone 16 plus 256Go Noir,1,1184.87,Amazon Seconde main,Amazon,D'occasion - Comme neuf,N/A,2024-10-28 21:41:03
195949722264.0,B0DGHRPFTH,Iphone 16 plus 128Go Noir,0,1119.00,Amazon,Amazon,Neuf,N/A,2024-10-28 21:45:22
195949722264.0,B0DGHRPFTH,Iphone 16 plus 128Go Noir,1,1074.24,Amazon Seconde main,Amazon,D'occasion - Très bon,N/A,2024-10-28 21:45:24
195949773488.0,B0DGHZDQ82,Iphone 16 pro 1T Noir Titanium,0,1775.28,N/A,Amazon,Neuf,N/A,2024-10-28 21:49:43
195949773488.0,B0DGHZDQ82,Iphone 16 pro 1T Noir Titanium,1,1775.28,Amazon Seconde main,Amazon,D'occasion - Très bon,N/A,2024-10-28 21:49:44
195949037863.0,B0CHX6SD96,Iphone 15 512Go Noir,0,1189.00,Amazon,Amazon,Neuf,N/A,2024-10-28 21:54:03
195949036965.0,B0CHX13YPM,Iphone 15 256Go Noir,0,994.34,Amazon,Amazon,Neuf,N/A,2024-10-28 21:58:23
195949036965.0,B0CHX13YPM,Iphone 15 256Go Noir,1,819.96,Amazon Seconde main,Amazon,D'occasion - Très bon,N/A,2024-10-28 21:58:25
195949036064.0,B0CHXFCYCR,Iphone 15 128Go Noir,0,809.00,Amazon,Amazon,Neuf,N/A,2024-10-28 22:02:44
195949036064.0,B0CHXFCYCR,Iphone 15 128Go Noir,1,776.64,Amazon Seconde main,Amazon,D'occasion - Très bon,N/A,2024-10-28 22:02:46
195949036064.0,B0CHXFCYCR,Iphone 15 128Go Noir,1,776.64,Amazon Seconde main,Amazon,D'occasion - Très bon,N/A,2024-10-28 22:02:46
195949036064.0,B0CHXFCYCR,Iphone 15 128Go Noir,1,776.64,Amazon Seconde main,Amazon,D'occasion - Très bon,N/A,2024-10-28 22:02:46
195949036064.0,B0CHXFCYCR,Iphone 15 128Go Noir,1,776.64,Amazon Seconde main,Amazon,D'occasion - Très bon,N/A,2024-10-28 22:02:46
195949036064.0,B0CHXFCYCR,Iphone 15 128Go Noir,1,776.64,Amazon Seconde main,Amazon,D'occasion - Très bon,N/A,2024-10-28 22:02:46
195949036064.0,B0CHXFCYCR,Iphone 15 128Go Noir,1,776.64,Amazon Seconde main,Amazon,D'occasion - Très bon,N/A,2024-10-28 22:02:46
195949036064.0,B0CHXFCYCR,Iphone 15 128Go Noir,1,776.64,Amazon Seconde main,Amazon,D'occasion - Très bon,N/A,2024-10-28 22:02:46
195949042539.0,B0CHXFFT8Z,Iphone 15+ 512Go Noir,0,1349.00,Amazon,Amazon,Neuf,N/A,2024-10-28 22:07:04
195949041631.0,B0CHX9XFRN,Iphone 15+ 256Go Noir,0,1039.00,Amazon,Amazon,Neuf,N/A,2024-10-28 22:11:24
195949040733.0,B0CHX3ZTJQ,Iphone 15+ 128Go Noir,0,969.00,Amazon,Amazon,Neuf,N/A,2024-10-28 22:15:44
195949020735.0,B0CHWZ6YYV,Iphone 15 pro 1T Noir Titanium,0,1623.53,Amazon,Amazon,Neuf,N/A,2024-10-28 22:20:04
195949823763.0,B0DGHRL7DB,Iphone 16 512Go Noir Titane,0,1349.00,Amazon,Amazon,Neuf,N/A,2024-10-28 22:25:06
195949823763.0,B0DGHRL7DB,Iphone 16 512Go Noir Titane,1,1295.04,Amazon Seconde main,Amazon,D'occasion - Très bon,N/A,2024-10-28 22:25:08
195949822865.0,B0DGHSG5CD,Iphone 16 256Go Noir Titane,0,1099.00,Amazon,Amazon,Neuf,N/A,2024-10-28 22:29:26
195949822865.0,B0DGHSG5CD,Iphone 16 256Go Noir Titane,1,1055.04,Amazon Seconde main,Amazon,D'occasion - Très bon,N/A,2024-10-28 22:29:28
195949821967.0,B0DGHY5KG8,Iphone 16 128Go Noir Titane,0,969.00,Amazon,Amazon,Neuf,N/A,2024-10-28 22:33:47
195949724169.0,B0DGJ4RRSD,Iphone 16 plus 512Go Noir,0,1499.00,Amazon,Amazon,Neuf,N/A,2024-10-28 22:38:07
195949723216.0,B0DGHMSMST,Iphone 16 plus 256Go Noir,0,1249.00,Amazon,Amazon,Neuf,N/A,2024-10-28 22:42:27
195949723216.0,B0DGHMSMST,Iphone 16 plus 256Go Noir,1,1146.28,Amazon Seconde main,Amazon,D'occasion - Très bon,N/A,2024-10-28 22:42:28
195949723216.0,B0DGHMSMST,Iphone 16 plus 256Go Noir,1,1158.22,Amazon Seconde main,Amazon,D'occasion - Comme neuf,N/A,2024-10-28 22:42:28
195949723216.0,B0DGHMSMST,Iphone 16 plus 256Go Noir,1,1158.22,Amazon Seconde main,Amazon,D'occasion - Comme neuf,N/A,2024-10-28 22:42:28
195949722264.0,B0DGHRPFTH,Iphone 16 plus 128Go Noir,0,1119.00,Amazon,Amazon,Neuf,N/A,2024-10-28 22:46:47
195949722264.0,B0DGHRPFTH,Iphone 16 plus 128Go Noir,1,1074.24,Amazon Seconde main,Amazon,D'occasion - Très bon,N/A,2024-10-28 22:46:49
195949722264.0,B0DGHRPFTH,Iphone 16 plus 128Go Noir,1,1074.24,Amazon Seconde main,Amazon,D'occasion - Très bon,N/A,2024-10-28 22:46:49
195949773488.0,B0DGHZDQ82,Iphone 16 pro 1T Noir Titanium,0,1775.28,N/A,Amazon,Neuf,N/A,2024-10-28 22:51:07
195949037863.0,B0CHX6SD96,Iphone 15 512Go Noir,0,1189.00,Amazon,Amazon,Neuf,N/A,2024-10-28 22:55:27
195949036965.0,B0CHX13YPM,Iphone 15 256Go Noir,0,994.37,Amazon,Amazon,Neuf,N/A,2024-10-28 22:59:48
195949036965.0,B0CHX13YPM,Iphone 15 256Go Noir,1,819.96,Amazon Seconde main,Amazon,D'occasion - Très bon,N/A,2024-10-28 22:59:49
195949036064.0,B0CHXFCYCR,Iphone 15 128Go Noir,0,809.00,Amazon,Amazon,Neuf,N/A,2024-10-28 23:04:08
195949036064.0,B0CHXFCYCR,Iphone 15 128Go Noir,1,776.64,Amazon Seconde main,Amazon,D'occasion - Très bon,N/A,2024-10-28 23:04:10
195949036064.0,B0CHXFCYCR,Iphone 15 128Go Noir,1,776.64,Amazon Seconde main,Amazon,D'occasion - Très bon,N/A,2024-10-28 23:04:10
195949036064.0,B0CHXFCYCR,Iphone 15 128Go Noir,1,776.64,Amazon Seconde main,Amazon,D'occasion - Très bon,N/A,2024-10-28 23:04:10
195949036064.0,B0CHXFCYCR,Iphone 15 128Go Noir,1,776.64,Amazon Seconde main,Amazon,D'occasion - Très bon,N/A,2024-10-28 23:04:10
195949036064.0,B0CHXFCYCR,Iphone 15 128Go Noir,1,776.64,Amazon Seconde main,Amazon,D'occasion - Très bon,N/A,2024-10-28 23:04:10
195949036064.0,B0CHXFCYCR,Iphone 15 128Go Noir,1,776.64,Amazon Seconde main,Amazon,D'occasion - Très bon,N/A,2024-10-28 23:04:10
195949036064.0,B0CHXFCYCR,Iphone 15 128Go Noir,1,776.64,Amazon Seconde main,Amazon,D'occasion - Très bon,N/A,2024-10-28 23:04:10
195949042539.0,B0CHXFFT8Z,Iphone 15+ 512Go Noir,0,1349.00,Amazon,Amazon,Neuf,N/A,2024-10-28 23:08:29
195949041631.0,B0CHX9XFRN,Iphone 15+ 256Go Noir,0,1039.00,Amazon,Amazon,Neuf,N/A,2024-10-28 23:12:49
195949040733.0,B0CHX3ZTJQ,Iphone 15+ 128Go Noir,0,969.00,Amazon,Amazon,Neuf,N/A,2024-10-28 23:17:09
195949020735.0,B0CHWZ6YYV,Iphone 15 pro 1T Noir Titanium,0,1623.53,Amazon,Amazon,Neuf,N/A,2024-10-28 23:21:29
195949823763.0,B0DGHRL7DB,Iphone 16 512Go Noir Titane,0,1349.00,Amazon,Amazon,Neuf,N/A,2024-10-28 23:26:32
195949823763.0,B0DGHRL7DB,Iphone 16 512Go Noir Titane,1,1295.04,Amazon Seconde main,Amazon,D'occasion - Très bon,N/A,2024-10-28 23:26:33
195949822865.0,B0DGHSG5CD,Iphone 16 256Go Noir Titane,0,1099.00,Amazon,Amazon,Neuf,N/A,2024-10-28 23:30:52
195949822865.0,B0DGHSG5CD,Iphone 16 256Go Noir Titane,1,1055.04,Amazon Seconde main,Amazon,D'occasion - Très bon,N/A,2024-10-28 23:30:53
195949821967.0,B0DGHY5KG8,Iphone 16 128Go Noir Titane,0,969.00,Amazon,Amazon,Neuf,N/A,2024-10-28 23:35:12
195949724169.0,B0DGJ4RRSD,Iphone 16 plus 512Go Noir,0,1499.00,Amazon,Amazon,Neuf,N/A,2024-10-28 23:39:32
195949723216.0,B0DGHMSMST,Iphone 16 plus 256Go Noir,0,1249.00,Amazon,Amazon,Neuf,N/A,2024-10-28 23:43:52
195949723216.0,B0DGHMSMST,Iphone 16 plus 256Go Noir,1,1146.28,Amazon Seconde main,Amazon,D'occasion - Très bon,N/A,2024-10-28 23:43:54
195949723216.0,B0DGHMSMST,Iphone 16 plus 256Go Noir,1,1158.22,Amazon Seconde main,Amazon,D'occasion - Comme neuf,N/A,2024-10-28 23:43:54
195949723216.0,B0DGHMSMST,Iphone 16 plus 256Go Noir,1,1158.22,Amazon Seconde main,Amazon,D'occasion - Comme neuf,N/A,2024-10-28 23:43:54
195949722264.0,B0DGHRPFTH,Iphone 16 plus 128Go Noir,0,1119.00,Amazon,Amazon,Neuf,N/A,2024-10-28 23:48:13
195949722264.0,B0DGHRPFTH,Iphone 16 plus 128Go Noir,1,1074.24,Amazon Seconde main,Amazon,D'occasion - Très bon,N/A,2024-10-28 23:48:14
195949773488.0,B0DGHZDQ82,Iphone 16 pro 1T Noir Titanium,0,1775.28,N/A,Amazon,Neuf,N/A,2024-10-28 23:52:33
195949037863.0,B0CHX6SD96,Iphone 15 512Go Noir,0,1189.00,Amazon,Amazon,Neuf,N/A,2024-10-28 23:56:53
195949036965.0,B0CHX13YPM,Iphone 15 256Go Noir,0,993.90,Amazon,Amazon,Neuf,N/A,2024-10-29 00:01:13
195949036965.0,B0CHX13YPM,Iphone 15 256Go Noir,1,819.96,Amazon Seconde main,Amazon,D'occasion - Très bon,N/A,2024-10-29 00:01:14
195949036064.0,B0CHXFCYCR,Iphone 15 128Go Noir,0,809.00,Amazon,Amazon,Neuf,N/A,2024-10-29 00:05:33
195949036064.0,B0CHXFCYCR,Iphone 15 128Go Noir,1,776.64,Amazon Seconde main,Amazon,D'occasion - Très bon,N/A,2024-10-29 00:05:35
195949042539.0,B0CHXFFT8Z,Iphone 15+ 512Go Noir,0,1349.00,Amazon,Amazon,Neuf,N/A,2024-10-29 00:09:53
195949041631.0,B0CHX9XFRN,Iphone 15+ 256Go Noir,0,1039.00,Amazon,Amazon,Neuf,N/A,2024-10-29 00:14:13
195949040733.0,B0CHX3ZTJQ,Iphone 15+ 128Go Noir,0,969.00,Amazon,Amazon,Neuf,N/A,2024-10-29 00:18:33
195949020735.0,B0CHWZ6YYV,Iphone 15 pro 1T Noir Titanium,0,1623.53,Amazon,Amazon,Neuf,N/A,2024-10-29 00:22:53
195949823763.0,B0DGHRL7DB,Iphone 16 512Go Noir Titane,0,1349.00,Amazon,Amazon,Neuf,N/A,2024-10-29 00:27:55
195949823763.0,B0DGHRL7DB,Iphone 16 512Go Noir Titane,1,1295.04,Amazon Seconde main,Amazon,D'occasion - Très bon,N/A,2024-10-29 00:27:57
195949822865.0,B0DGHSG5CD,Iphone 16 256Go Noir Titane,0,1099.00,Amazon,Amazon,Neuf,N/A,2024-10-29 00:32:15
195949822865.0,B0DGHSG5CD,Iphone 16 256Go Noir Titane,1,1055.04,Amazon Seconde main,Amazon,D'occasion - Très bon,N/A,2024-10-29 00:32:17
195949821967.0,B0DGHY5KG8,Iphone 16 128Go Noir Titane,0,969.00,Amazon,Amazon,Neuf,N/A,2024-10-29 00:36:36
195949724169.0,B0DGJ4RRSD,Iphone 16 plus 512Go Noir,0,1499.00,Amazon,Amazon,Neuf,N/A,2024-10-29 00:40:55
195949723216.0,B0DGHMSMST,Iphone 16 plus 256Go Noir,0,1249.00,Amazon,Amazon,Neuf,N/A,2024-10-29 00:45:16
195949723216.0,B0DGHMSMST,Iphone 16 plus 256Go Noir,1,1146.28,Amazon Seconde main,Amazon,D'occasion - Très bon,N/A,2024-10-29 00:45:17
195949723216.0,B0DGHMSMST,Iphone 16 plus 256Go Noir,1,1158.22,Amazon Seconde main,Amazon,D'occasion - Comme neuf,N/A,2024-10-29 00:45:17
195949722264.0,B0DGHRPFTH,Iphone 16 plus 128Go Noir,0,1119.00,Amazon,Amazon,Neuf,N/A,2024-10-29 00:49:36
195949722264.0,B0DGHRPFTH,Iphone 16 plus 128Go Noir,1,1074.24,Amazon Seconde main,Amazon,D'occasion - Très bon,N/A,2024-10-29 00:49:38
195949722264.0,B0DGHRPFTH,Iphone 16 plus 128Go Noir,1,1074.24,Amazon Seconde main,Amazon,D'occasion - Très bon,N/A,2024-10-29 00:49:38
195949773488.0,B0DGHZDQ82,Iphone 16 pro 1T Noir Titanium,0,N/A,N/A,N/A,Neuf,N/A,2024-10-29 00:53:56
195949037863.0,B0CHX6SD96,Iphone 15 512Go Noir,0,1189.00,Amazon,Amazon,Neuf,N/A,2024-10-29 00:58:16
195949036965.0,B0CHX13YPM,Iphone 15 256Go Noir,0,993.90,Amazon,Amazon,Neuf,N/A,2024-10-29 01:02:36
195949036965.0,B0CHX13YPM,Iphone 15 256Go Noir,1,819.96,Amazon Seconde main,Amazon,D'occasion - Très bon,N/A,2024-10-29 01:02:38
195949036064.0,B0CHXFCYCR,Iphone 15 128Go Noir,0,809.00,Amazon,Amazon,Neuf,N/A,2024-10-29 01:06:57
195949036064.0,B0CHXFCYCR,Iphone 15 128Go Noir,1,776.64,Amazon Seconde main,Amazon,D'occasion - Très bon,N/A,2024-10-29 01:06:59
195949036064.0,B0CHXFCYCR,Iphone 15 128Go Noir,1,776.64,Amazon Seconde main,Amazon,D'occasion - Très bon,N/A,2024-10-29 01:06:59
195949036064.0,B0CHXFCYCR,Iphone 15 128Go Noir,1,776.64,Amazon Seconde main,Amazon,D'occasion - Très bon,N/A,2024-10-29 01:06:59
195949036064.0,B0CHXFCYCR,Iphone 15 128Go Noir,1,776.64,Amazon Seconde main,Amazon,D'occasion - Très bon,N/A,2024-10-29 01:06:59
195949036064.0,B0CHXFCYCR,Iphone 15 128Go Noir,1,776.64,Amazon Seconde main,Amazon,D'occasion - Très bon,N/A,2024-10-29 01:06:59
195949036064.0,B0CHXFCYCR,Iphone 15 128Go Noir,1,776.64,Amazon Seconde main,Amazon,D'occasion - Très bon,N/A,2024-10-29 01:06:59
195949036064.0,B0CHXFCYCR,Iphone 15 128Go Noir,1,776.64,Amazon Seconde main,Amazon,D'occasion - Très bon,N/A,2024-10-29 01:06:59
195949042539.0,B0CHXFFT8Z,Iphone 15+ 512Go Noir,0,1349.00,Amazon,Amazon,Neuf,N/A,2024-10-29 01:11:17
195949041631.0,B0CHX9XFRN,Iphone 15+ 256Go Noir,0,1039.00,Amazon,Amazon,Neuf,N/A,2024-10-29 01:15:37
195949040733.0,B0CHX3ZTJQ,Iphone 15+ 128Go Noir,0,969.00,Amazon,Amazon,Neuf,N/A,2024-10-29 01:19:57
195949020735.0,B0CHWZ6YYV,Iphone 15 pro 1T Noir Titanium,0,1623.53,Amazon,Amazon,Neuf,N/A,2024-10-29 01:24:17
195949823763.0,B0DGHRL7DB,Iphone 16 512Go Noir Titane,0,1349.00,Amazon,Amazon,Neuf,N/A,2024-10-29 01:29:19
195949823763.0,B0DGHRL7DB,Iphone 16 512Go Noir Titane,1,1295.04,Amazon Seconde main,Amazon,D'occasion - Très bon,N/A,2024-10-29 01:29:21
195949822865.0,B0DGHSG5CD,Iphone 16 256Go Noir Titane,0,1099.00,Amazon,Amazon,Neuf,N/A,2024-10-29 01:33:39
195949822865.0,B0DGHSG5CD,Iphone 16 256Go Noir Titane,1,1055.04,Amazon Seconde main,Amazon,D'occasion - Très bon,N/A,2024-10-29 01:33:41
195949821967.0,B0DGHY5KG8,Iphone 16 128Go Noir Titane,0,969.00,Amazon,Amazon,Neuf,N/A,2024-10-29 01:37:59
195949724169.0,B0DGJ4RRSD,Iphone 16 plus 512Go Noir,0,1499.00,Amazon,Amazon,Neuf,N/A,2024-10-29 01:42:19
195949723216.0,B0DGHMSMST,Iphone 16 plus 256Go Noir,0,1249.00,Amazon,Amazon,Neuf,N/A,2024-10-29 01:46:40
195949723216.0,B0DGHMSMST,Iphone 16 plus 256Go Noir,1,1146.28,Amazon Seconde main,Amazon,D'occasion - Très bon,N/A,2024-10-29 01:46:41
195949723216.0,B0DGHMSMST,Iphone 16 plus 256Go Noir,1,1158.22,Amazon Seconde main,Amazon,D'occasion - Comme neuf,N/A,2024-10-29 01:46:41
195949722264.0,B0DGHRPFTH,Iphone 16 plus 128Go Noir,0,1119.00,Amazon,Amazon,Neuf,N/A,2024-10-29 01:51:00
195949722264.0,B0DGHRPFTH,Iphone 16 plus 128Go Noir,1,1074.24,Amazon Seconde main,Amazon,D'occasion - Très bon,N/A,2024-10-29 01:51:02
195949722264.0,B0DGHRPFTH,Iphone 16 plus 128Go Noir,1,1074.24,Amazon Seconde main,Amazon,D'occasion - Très bon,N/A,2024-10-29 01:51:02
195949773488.0,B0DGHZDQ82,Iphone 16 pro 1T Noir Titanium,0,N/A,N/A,N/A,Neuf,N/A,2024-10-29 01:55:20
195949037863.0,B0CHX6SD96,Iphone 15 512Go Noir,0,1189.00,Amazon,Amazon,Neuf,N/A,2024-10-29 01:59:40
195949036965.0,B0CHX13YPM,Iphone 15 256Go Noir,0,993.90,Amazon,Amazon,Neuf,N/A,2024-10-29 02:04:00
195949036965.0,B0CHX13YPM,Iphone 15 256Go Noir,1,819.96,Amazon Seconde main,Amazon,D'occasion - Très bon,N/A,2024-10-29 02:04:02
195949036064.0,B0CHXFCYCR,Iphone 15 128Go Noir,0,809.00,Amazon,Amazon,Neuf,N/A,2024-10-29 02:08:20
195949036064.0,B0CHXFCYCR,Iphone 15 128Go Noir,1,776.64,Amazon Seconde main,Amazon,D'occasion - Très bon,N/A,2024-10-29 02:08:22
195949036064.0,B0CHXFCYCR,Iphone 15 128Go Noir,1,776.64,Amazon Seconde main,Amazon,D'occasion - Très bon,N/A,2024-10-29 02:08:22
195949036064.0,B0CHXFCYCR,Iphone 15 128Go Noir,1,776.64,Amazon Seconde main,Amazon,D'occasion - Très bon,N/A,2024-10-29 02:08:22
195949036064.0,B0CHXFCYCR,Iphone 15 128Go Noir,1,776.64,Amazon Seconde main,Amazon,D'occasion - Très bon,N/A,2024-10-29 02:08:22
195949036064.0,B0CHXFCYCR,Iphone 15 128Go Noir,1,776.64,Amazon Seconde main,Amazon,D'occasion - Très bon,N/A,2024-10-29 02:08:22
195949036064.0,B0CHXFCYCR,Iphone 15 128Go Noir,1,776.64,Amazon Seconde main,Amazon,D'occasion - Très bon,N/A,2024-10-29 02:08:22
195949036064.0,B0CHXFCYCR,Iphone 15 128Go Noir,1,776.64,Amazon Seconde main,Amazon,D'occasion - Très bon,N/A,2024-10-29 02:08:22
195949042539.0,B0CHXFFT8Z,Iphone 15+ 512Go Noir,0,1349.00,Amazon,Amazon,Neuf,N/A,2024-10-29 02:12:41
195949041631.0,B0CHX9XFRN,Iphone 15+ 256Go Noir,0,1039.00,Amazon,Amazon,Neuf,N/A,2024-10-29 02:17:01
195949040733.0,B0CHX3ZTJQ,Iphone 15+ 128Go Noir,0,969.00,Amazon,Amazon,Neuf,N/A,2024-10-29 02:21:21
195949020735.0,B0CHWZ6YYV,Iphone 15 pro 1T Noir Titanium,0,1623.53,Amazon,Amazon,Neuf,N/A,2024-10-29 02:25:41
195949823763.0,B0DGHRL7DB,Iphone 16 512Go Noir Titane,0,1349.00,Amazon,Amazon,Neuf,N/A,2024-10-29 02:30:43
195949823763.0,B0DGHRL7DB,Iphone 16 512Go Noir Titane,1,1295.04,Amazon Seconde main,Amazon,D'occasion - Très bon,N/A,2024-10-29 02:30:44
195949822865.0,B0DGHSG5CD,Iphone 16 256Go Noir Titane,0,1099.00,Amazon,Amazon,Neuf,N/A,2024-10-29 02:35:03
195949822865.0,B0DGHSG5CD,Iphone 16 256Go Noir Titane,1,1055.04,Amazon Seconde main,Amazon,D'occasion - Très bon,N/A,2024-10-29 02:35:05
195949821967.0,B0DGHY5KG8,Iphone 16 128Go Noir Titane,0,969.00,Amazon,Amazon,Neuf,N/A,2024-10-29 02:39:23
195949724169.0,B0DGJ4RRSD,Iphone 16 plus 512Go Noir,0,1499.00,Amazon,Amazon,Neuf,N/A,2024-10-29 02:43:43
195949723216.0,B0DGHMSMST,Iphone 16 plus 256Go Noir,0,1249.00,Amazon,Amazon,Neuf,N/A,2024-10-29 02:48:03
195949723216.0,B0DGHMSMST,Iphone 16 plus 256Go Noir,1,1146.28,Amazon Seconde main,Amazon,D'occasion - Très bon,N/A,2024-10-29 02:48:05
195949723216.0,B0DGHMSMST,Iphone 16 plus 256Go Noir,1,1158.22,Amazon Seconde main,Amazon,D'occasion - Comme neuf,N/A,2024-10-29 02:48:05
195949723216.0,B0DGHMSMST,Iphone 16 plus 256Go Noir,1,1158.22,Amazon Seconde main,Amazon,D'occasion - Comme neuf,N/A,2024-10-29 02:48:05
195949722264.0,B0DGHRPFTH,Iphone 16 plus 128Go Noir,0,1119.00,Amazon,Amazon,Neuf,N/A,2024-10-29 02:52:24
195949722264.0,B0DGHRPFTH,Iphone 16 plus 128Go Noir,1,1074.24,Amazon Seconde main,Amazon,D'occasion - Très bon,N/A,2024-10-29 02:52:25
195949722264.0,B0DGHRPFTH,Iphone 16 plus 128Go Noir,1,1074.24,Amazon Seconde main,Amazon,D'occasion - Très bon,N/A,2024-10-29 02:52:25
195949773488.0,B0DGHZDQ82,Iphone 16 pro 1T Noir Titanium,0,N/A,N/A,N/A,Neuf,N/A,2024-10-29 02:56:44
195949037863.0,B0CHX6SD96,Iphone 15 512Go Noir,0,1189.00,Amazon,Amazon,Neuf,N/A,2024-10-29 03:01:03
195949036965.0,B0CHX13YPM,Iphone 15 256Go Noir,0,993.90,Amazon,Amazon,Neuf,N/A,2024-10-29 03:05:23
195949036965.0,B0CHX13YPM,Iphone 15 256Go Noir,1,819.96,Amazon Seconde main,Amazon,D'occasion - Très bon,N/A,2024-10-29 03:05:25
195949036064.0,B0CHXFCYCR,Iphone 15 128Go Noir,0,809.00,Amazon,Amazon,Neuf,N/A,2024-10-29 03:09:44
195949036064.0,B0CHXFCYCR,Iphone 15 128Go Noir,1,776.64,Amazon Seconde main,Amazon,D'occasion - Très bon,N/A,2024-10-29 03:09:46
195949042539.0,B0CHXFFT8Z,Iphone 15+ 512Go Noir,0,1349.00,Amazon,Amazon,Neuf,N/A,2024-10-29 03:14:04
195949041631.0,B0CHX9XFRN,Iphone 15+ 256Go Noir,0,1039.00,Amazon,Amazon,Neuf,N/A,2024-10-29 03:18:24
195949040733.0,B0CHX3ZTJQ,Iphone 15+ 128Go Noir,0,969.00,Amazon,Amazon,Neuf,N/A,2024-10-29 03:22:44
195949020735.0,B0CHWZ6YYV,Iphone 15 pro 1T Noir Titanium,0,1623.53,Amazon,Amazon,Neuf,N/A,2024-10-29 03:27:04
195949823763.0,B0DGHRL7DB,Iphone 16 512Go Noir Titane,0,1349.00,Amazon,Amazon,Neuf,N/A,2024-10-29 03:32:07
195949823763.0,B0DGHRL7DB,Iphone 16 512Go Noir Titane,1,1295.04,Amazon Seconde main,Amazon,D'occasion - Très bon,N/A,2024-10-29 03:32:08
195949822865.0,B0DGHSG5CD,Iphone 16 256Go Noir Titane,0,1099.00,Amazon,Amazon,Neuf,N/A,2024-10-29 03:36:27
195949822865.0,B0DGHSG5CD,Iphone 16 256Go Noir Titane,1,1055.04,Amazon Seconde main,Amazon,D'occasion - Très bon,N/A,2024-10-29 03:36:29
195949821967.0,B0DGHY5KG8,Iphone 16 128Go Noir Titane,0,969.00,Amazon,Amazon,Neuf,N/A,2024-10-29 03:40:47
195949724169.0,B0DGJ4RRSD,Iphone 16 plus 512Go Noir,0,1499.00,Amazon,Amazon,Neuf,N/A,2024-10-29 03:45:07
195949723216.0,B0DGHMSMST,Iphone 16 plus 256Go Noir,0,1249.00,Amazon,Amazon,Neuf,N/A,2024-10-29 03:49:27
195949723216.0,B0DGHMSMST,Iphone 16 plus 256Go Noir,1,1146.28,Amazon Seconde main,Amazon,D'occasion - Très bon,N/A,2024-10-29 03:49:29
195949723216.0,B0DGHMSMST,Iphone 16 plus 256Go Noir,1,1158.22,Amazon Seconde main,Amazon,D'occasion - Comme neuf,N/A,2024-10-29 03:49:29
195949723216.0,B0DGHMSMST,Iphone 16 plus 256Go Noir,1,1158.22,Amazon Seconde main,Amazon,D'occasion - Comme neuf,N/A,2024-10-29 03:49:29
195949722264.0,B0DGHRPFTH,Iphone 16 plus 128Go Noir,0,1119.00,Amazon,Amazon,Neuf,N/A,2024-10-29 03:53:48
195949722264.0,B0DGHRPFTH,Iphone 16 plus 128Go Noir,1,1074.24,Amazon Seconde main,Amazon,D'occasion - Très bon,N/A,2024-10-29 03:53:50
195949773488.0,B0DGHZDQ82,Iphone 16 pro 1T Noir Titanium,0,N/A,N/A,N/A,Neuf,N/A,2024-10-29 03:58:08
195949037863.0,B0CHX6SD96,Iphone 15 512Go Noir,0,1189.00,Amazon,Amazon,Neuf,N/A,2024-10-29 04:02:28
195949036965.0,B0CHX13YPM,Iphone 15 256Go Noir,0,993.90,Amazon,Amazon,Neuf,N/A,2024-10-29 04:06:48
195949036965.0,B0CHX13YPM,Iphone 15 256Go Noir,1,819.96,Amazon Seconde main,Amazon,D'occasion - Très bon,N/A,2024-10-29 04:06:49
195949036064.0,B0CHXFCYCR,Iphone 15 128Go Noir,0,809.00,Amazon,Amazon,Neuf,N/A,2024-10-29 04:11:08
195949036064.0,B0CHXFCYCR,Iphone 15 128Go Noir,1,776.64,Amazon Seconde main,Amazon,D'occasion - Très bon,N/A,2024-10-29 04:11:11
195949036064.0,B0CHXFCYCR,Iphone 15 128Go Noir,1,776.64,Amazon Seconde main,Amazon,D'occasion - Très bon,N/A,2024-10-29 04:11:11
195949036064.0,B0CHXFCYCR,Iphone 15 128Go Noir,1,776.64,Amazon Seconde main,Amazon,D'occasion - Très bon,N/A,2024-10-29 04:11:11
195949036064.0,B0CHXFCYCR,Iphone 15 128Go Noir,1,776.64,Amazon Seconde main,Amazon,D'occasion - Très bon,N/A,2024-10-29 04:11:11
195949036064.0,B0CHXFCYCR,Iphone 15 128Go Noir,1,776.64,Amazon Seconde main,Amazon,D'occasion - Très bon,N/A,2024-10-29 04:11:11
195949036064.0,B0CHXFCYCR,Iphone 15 128Go Noir,1,776.64,Amazon Seconde main,Amazon,D'occasion - Très bon,N/A,2024-10-29 04:11:11
195949036064.0,B0CHXFCYCR,Iphone 15 128Go Noir,1,776.64,Amazon Seconde main,Amazon,D'occasion - Très bon,N/A,2024-10-29 04:11:11
195949042539.0,B0CHXFFT8Z,Iphone 15+ 512Go Noir,0,1349.00,Amazon,Amazon,Neuf,N/A,2024-10-29 04:15:29
195949041631.0,B0CHX9XFRN,Iphone 15+ 256Go Noir,0,1039.00,Amazon,Amazon,Neuf,N/A,2024-10-29 04:19:49
195949040733.0,B0CHX3ZTJQ,Iphone 15+ 128Go Noir,0,969.00,Amazon,Amazon,Neuf,N/A,2024-10-29 04:24:09
195949020735.0,B0CHWZ6YYV,Iphone 15 pro 1T Noir Titanium,0,1623.53,Amazon,Amazon,Neuf,N/A,2024-10-29 04:28:29
195949823763.0,B0DGHRL7DB,Iphone 16 512Go Noir Titane,0,1349.00,Amazon,Amazon,Neuf,N/A,2024-10-29 04:33:31
195949823763.0,B0DGHRL7DB,Iphone 16 512Go Noir Titane,1,1295.04,Amazon Seconde main,Amazon,D'occasion - Très bon,N/A,2024-10-29 04:33:33
195949822865.0,B0DGHSG5CD,Iphone 16 256Go Noir Titane,0,1099.00,Amazon,Amazon,Neuf,N/A,2024-10-29 04:37:52
195949822865.0,B0DGHSG5CD,Iphone 16 256Go Noir Titane,1,1055.04,Amazon Seconde main,Amazon,D'occasion - Très bon,N/A,2024-10-29 04:37:53
195949821967.0,B0DGHY5KG8,Iphone 16 128Go Noir Titane,0,969.00,Amazon,Amazon,Neuf,N/A,2024-10-29 04:42:12
195949724169.0,B0DGJ4RRSD,Iphone 16 plus 512Go Noir,0,1499.00,Amazon,Amazon,Neuf,N/A,2024-10-29 04:46:32
195949723216.0,B0DGHMSMST,Iphone 16 plus 256Go Noir,0,1249.00,Amazon,Amazon,Neuf,N/A,2024-10-29 04:50:52
195949723216.0,B0DGHMSMST,Iphone 16 plus 256Go Noir,1,1146.28,Amazon Seconde main,Amazon,D'occasion - Très bon,N/A,2024-10-29 04:50:54
195949723216.0,B0DGHMSMST,Iphone 16 plus 256Go Noir,1,1158.22,Amazon Seconde main,Amazon,D'occasion - Comme neuf,N/A,2024-10-29 04:50:54
195949723216.0,B0DGHMSMST,Iphone 16 plus 256Go Noir,1,1158.22,Amazon Seconde main,Amazon,D'occasion - Comme neuf,N/A,2024-10-29 04:50:54
195949722264.0,B0DGHRPFTH,Iphone 16 plus 128Go Noir,0,1119.00,Amazon,Amazon,Neuf,N/A,2024-10-29 04:55:12
195949722264.0,B0DGHRPFTH,Iphone 16 plus 128Go Noir,1,1074.24,Amazon Seconde main,Amazon,D'occasion - Très bon,N/A,2024-10-29 04:55:14
195949722264.0,B0DGHRPFTH,Iphone 16 plus 128Go Noir,1,1074.24,Amazon Seconde main,Amazon,D'occasion - Très bon,N/A,2024-10-29 04:55:14
195949773488.0,B0DGHZDQ82,Iphone 16 pro 1T Noir Titanium,0,N/A,N/A,N/A,Neuf,N/A,2024-10-29 04:59:32
195949037863.0,B0CHX6SD96,Iphone 15 512Go Noir,0,1189.00,Amazon,Amazon,Neuf,N/A,2024-10-29 05:03:52
195949036965.0,B0CHX13YPM,Iphone 15 256Go Noir,0,993.90,Amazon,Amazon,Neuf,N/A,2024-10-29 05:08:12
195949036965.0,B0CHX13YPM,Iphone 15 256Go Noir,1,819.96,Amazon Seconde main,Amazon,D'occasion - Très bon,N/A,2024-10-29 05:08:14
195949036064.0,B0CHXFCYCR,Iphone 15 128Go Noir,0,809.00,Amazon,Amazon,Neuf,N/A,2024-10-29 05:12:33
195949036064.0,B0CHXFCYCR,Iphone 15 128Go Noir,1,776.64,Amazon Seconde main,Amazon,D'occasion - Très bon,N/A,2024-10-29 05:12:35
195949036064.0,B0CHXFCYCR,Iphone 15 128Go Noir,1,776.64,Amazon Seconde main,Amazon,D'occasion - Très bon,N/A,2024-10-29 05:12:35
195949036064.0,B0CHXFCYCR,Iphone 15 128Go Noir,1,776.64,Amazon Seconde main,Amazon,D'occasion - Très bon,N/A,2024-10-29 05:12:35
195949036064.0,B0CHXFCYCR,Iphone 15 128Go Noir,1,776.64,Amazon Seconde main,Amazon,D'occasion - Très bon,N/A,2024-10-29 05:12:35
195949036064.0,B0CHXFCYCR,Iphone 15 128Go Noir,1,776.64,Amazon Seconde main,Amazon,D'occasion - Très bon,N/A,2024-10-29 05:12:35
195949036064.0,B0CHXFCYCR,Iphone 15 128Go Noir,1,776.64,Amazon Seconde main,Amazon,D'occasion - Très bon,N/A,2024-10-29 05:12:35
195949036064.0,B0CHXFCYCR,Iphone 15 128Go Noir,1,776.64,Amazon Seconde main,Amazon,D'occasion - Très bon,N/A,2024-10-29 05:12:35
195949042539.0,B0CHXFFT8Z,Iphone 15+ 512Go Noir,0,1349.00,Amazon,Amazon,Neuf,N/A,2024-10-29 05:16:53
195949041631.0,B0CHX9XFRN,Iphone 15+ 256Go Noir,0,1039.00,Amazon,Amazon,Neuf,N/A,2024-10-29 05:21:13
195949040733.0,B0CHX3ZTJQ,Iphone 15+ 128Go Noir,0,969.00,Amazon,Amazon,Neuf,N/A,2024-10-29 05:25:33
195949020735.0,B0CHWZ6YYV,Iphone 15 pro 1T Noir Titanium,0,1623.53,Amazon,Amazon,Neuf,N/A,2024-10-29 05:29:53
195949823763.0,B0DGHRL7DB,Iphone 16 512Go Noir Titane,0,1349.00,Amazon,Amazon,Neuf,N/A,2024-10-29 05:34:55
195949823763.0,B0DGHRL7DB,Iphone 16 512Go Noir Titane,1,1295.04,Amazon Seconde main,Amazon,D'occasion - Très bon,N/A,2024-10-29 05:34:57
195949822865.0,B0DGHSG5CD,Iphone 16 256Go Noir Titane,0,1099.00,Amazon,Amazon,Neuf,N/A,2024-10-29 05:39:15
195949822865.0,B0DGHSG5CD,Iphone 16 256Go Noir Titane,1,1055.04,Amazon Seconde main,Amazon,D'occasion - Très bon,N/A,2024-10-29 05:39:17
195949821967.0,B0DGHY5KG8,Iphone 16 128Go Noir Titane,0,969.00,Amazon,Amazon,Neuf,N/A,2024-10-29 05:43:35
195949724169.0,B0DGJ4RRSD,Iphone 16 plus 512Go Noir,0,1499.00,Amazon,Amazon,Neuf,N/A,2024-10-29 05:47:55
195949723216.0,B0DGHMSMST,Iphone 16 plus 256Go Noir,0,1249.00,Amazon,Amazon,Neuf,N/A,2024-10-29 05:52:15
195949723216.0,B0DGHMSMST,Iphone 16 plus 256Go Noir,1,1146.28,Amazon Seconde main,Amazon,D'occasion - Très bon,N/A,2024-10-29 05:52:17
195949723216.0,B0DGHMSMST,Iphone 16 plus 256Go Noir,1,1158.22,Amazon Seconde main,Amazon,D'occasion - Comme neuf,N/A,2024-10-29 05:52:17
195949723216.0,B0DGHMSMST,Iphone 16 plus 256Go Noir,1,1158.22,Amazon Seconde main,Amazon,D'occasion - Comme neuf,N/A,2024-10-29 05:52:17
195949722264.0,B0DGHRPFTH,Iphone 16 plus 128Go Noir,0,1119.00,Amazon,Amazon,Neuf,N/A,2024-10-29 05:56:36
195949722264.0,B0DGHRPFTH,Iphone 16 plus 128Go Noir,1,1074.24,Amazon Seconde main,Amazon,D'occasion - Très bon,N/A,2024-10-29 05:56:38
195949722264.0,B0DGHRPFTH,Iphone 16 plus 128Go Noir,1,1074.24,Amazon Seconde main,Amazon,D'occasion - Très bon,N/A,2024-10-29 05:56:38
195949773488.0,B0DGHZDQ82,Iphone 16 pro 1T Noir Titanium,0,N/A,N/A,N/A,Neuf,N/A,2024-10-29 06:00:56
195949037863.0,B0CHX6SD96,Iphone 15 512Go Noir,0,1189.00,Amazon,Amazon,Neuf,N/A,2024-10-29 06:05:16
195949036965.0,B0CHX13YPM,Iphone 15 256Go Noir,0,993.90,Amazon,Amazon,Neuf,N/A,2024-10-29 06:09:36
195949036965.0,B0CHX13YPM,Iphone 15 256Go Noir,1,819.96,Amazon Seconde main,Amazon,D'occasion - Très bon,N/A,2024-10-29 06:09:38
195949036064.0,B0CHXFCYCR,Iphone 15 128Go Noir,0,809.00,Amazon,Amazon,Neuf,N/A,2024-10-29 06:13:57
195949036064.0,B0CHXFCYCR,Iphone 15 128Go Noir,1,776.64,Amazon Seconde main,Amazon,D'occasion - Très bon,N/A,2024-10-29 06:13:59
195949036064.0,B0CHXFCYCR,Iphone 15 128Go Noir,1,776.64,Amazon Seconde main,Amazon,D'occasion - Très bon,N/A,2024-10-29 06:13:59
195949036064.0,B0CHXFCYCR,Iphone 15 128Go Noir,1,776.64,Amazon Seconde main,Amazon,D'occasion - Très bon,N/A,2024-10-29 06:13:59
195949036064.0,B0CHXFCYCR,Iphone 15 128Go Noir,1,776.64,Amazon Seconde main,Amazon,D'occasion - Très bon,N/A,2024-10-29 06:13:59
195949036064.0,B0CHXFCYCR,Iphone 15 128Go Noir,1,776.64,Amazon Seconde main,Amazon,D'occasion - Très bon,N/A,2024-10-29 06:13:59
195949036064.0,B0CHXFCYCR,Iphone 15 128Go Noir,1,776.64,Amazon Seconde main,Amazon,D'occasion - Très bon,N/A,2024-10-29 06:13:59
195949036064.0,B0CHXFCYCR,Iphone 15 128Go Noir,1,776.64,Amazon Seconde main,Amazon,D'occasion - Très bon,N/A,2024-10-29 06:13:59
195949042539.0,B0CHXFFT8Z,Iphone 15+ 512Go Noir,0,1349.00,Amazon,Amazon,Neuf,N/A,2024-10-29 06:18:17
195949041631.0,B0CHX9XFRN,Iphone 15+ 256Go Noir,0,1039.00,Amazon,Amazon,Neuf,N/A,2024-10-29 06:22:38
195949040733.0,B0CHX3ZTJQ,Iphone 15+ 128Go Noir,0,969.00,Amazon,Amazon,Neuf,N/A,2024-10-29 06:26:58
195949020735.0,B0CHWZ6YYV,Iphone 15 pro 1T Noir Titanium,0,1623.53,Amazon,Amazon,Neuf,N/A,2024-10-29 06:31:18
195949823763.0,B0DGHRL7DB,Iphone 16 512Go Noir Titane,0,1349.00,Amazon,Amazon,Neuf,N/A,2024-10-29 06:36:20
195949823763.0,B0DGHRL7DB,Iphone 16 512Go Noir Titane,1,1295.04,Amazon Seconde main,Amazon,D'occasion - Très bon,N/A,2024-10-29 06:36:21
195949822865.0,B0DGHSG5CD,Iphone 16 256Go Noir Titane,0,1099.00,Amazon,Amazon,Neuf,N/A,2024-10-29 06:40:40
195949822865.0,B0DGHSG5CD,Iphone 16 256Go Noir Titane,1,1055.04,Amazon Seconde main,Amazon,D'occasion - Très bon,N/A,2024-10-29 06:40:42
195949821967.0,B0DGHY5KG8,Iphone 16 128Go Noir Titane,0,969.00,Amazon,Amazon,Neuf,N/A,2024-10-29 06:45:00
195949724169.0,B0DGJ4RRSD,Iphone 16 plus 512Go Noir,0,1499.00,Amazon,Amazon,Neuf,N/A,2024-10-29 06:49:20
195949723216.0,B0DGHMSMST,Iphone 16 plus 256Go Noir,0,1249.00,Amazon,Amazon,Neuf,N/A,2024-10-29 06:53:40
195949723216.0,B0DGHMSMST,Iphone 16 plus 256Go Noir,1,1146.28,Amazon Seconde main,Amazon,D'occasion - Très bon,N/A,2024-10-29 06:53:42
195949723216.0,B0DGHMSMST,Iphone 16 plus 256Go Noir,1,1158.22,Amazon Seconde main,Amazon,D'occasion - Comme neuf,N/A,2024-10-29 06:53:42
195949723216.0,B0DGHMSMST,Iphone 16 plus 256Go Noir,1,1158.22,Amazon Seconde main,Amazon,D'occasion - Comme neuf,N/A,2024-10-29 06:53:42
195949722264.0,B0DGHRPFTH,Iphone 16 plus 128Go Noir,0,1119.00,Amazon,Amazon,Neuf,N/A,2024-10-29 06:58:01
195949722264.0,B0DGHRPFTH,Iphone 16 plus 128Go Noir,1,1074.24,Amazon Seconde main,Amazon,D'occasion - Très bon,N/A,2024-10-29 06:58:02
195949722264.0,B0DGHRPFTH,Iphone 16 plus 128Go Noir,1,1074.24,Amazon Seconde main,Amazon,D'occasion - Très bon,N/A,2024-10-29 06:58:02
195949773488.0,B0DGHZDQ82,Iphone 16 pro 1T Noir Titanium,0,N/A,N/A,N/A,Neuf,N/A,2024-10-29 07:02:21
195949037863.0,B0CHX6SD96,Iphone 15 512Go Noir,0,1189.00,Amazon,Amazon,Neuf,N/A,2024-10-29 07:06:41
195949036965.0,B0CHX13YPM,Iphone 15 256Go Noir,0,993.90,Amazon,Amazon,Neuf,N/A,2024-10-29 07:11:01
195949036965.0,B0CHX13YPM,Iphone 15 256Go Noir,1,819.96,Amazon Seconde main,Amazon,D'occasion - Très bon,N/A,2024-10-29 07:11:02
195949036064.0,B0CHXFCYCR,Iphone 15 128Go Noir,0,809.00,Amazon,Amazon,Neuf,N/A,2024-10-29 07:15:21
195949036064.0,B0CHXFCYCR,Iphone 15 128Go Noir,1,776.64,Amazon Seconde main,Amazon,D'occasion - Très bon,N/A,2024-10-29 07:15:23
195949042539.0,B0CHXFFT8Z,Iphone 15+ 512Go Noir,0,1349.00,Amazon,Amazon,Neuf,N/A,2024-10-29 07:19:41
195949041631.0,B0CHX9XFRN,Iphone 15+ 256Go Noir,0,1039.00,Amazon,Amazon,Neuf,N/A,2024-10-29 07:24:01
195949040733.0,B0CHX3ZTJQ,Iphone 15+ 128Go Noir,0,969.00,Amazon,Amazon,Neuf,N/A,2024-10-29 07:28:21
195949020735.0,B0CHWZ6YYV,Iphone 15 pro 1T Noir Titanium,0,1623.53,Amazon,Amazon,Neuf,N/A,2024-10-29 07:32:41
195949823763.0,B0DGHRL7DB,Iphone 16 512Go Noir Titane,0,1349.00,Amazon,Amazon,Neuf,N/A,2024-10-29 07:37:44
195949823763.0,B0DGHRL7DB,Iphone 16 512Go Noir Titane,1,1295.04,Amazon Seconde main,Amazon,D'occasion - Très bon,N/A,2024-10-29 07:37:45
195949822865.0,B0DGHSG5CD,Iphone 16 256Go Noir Titane,0,1099.00,Amazon,Amazon,Neuf,N/A,2024-10-29 07:42:04
195949822865.0,B0DGHSG5CD,Iphone 16 256Go Noir Titane,1,1055.04,Amazon Seconde main,Amazon,D'occasion - Très bon,N/A,2024-10-29 07:42:05
195949821967.0,B0DGHY5KG8,Iphone 16 128Go Noir Titane,0,969.00,Amazon,Amazon,Neuf,N/A,2024-10-29 07:46:24
195949724169.0,B0DGJ4RRSD,Iphone 16 plus 512Go Noir,0,1499.00,Amazon,Amazon,Neuf,N/A,2024-10-29 07:50:44
195949723216.0,B0DGHMSMST,Iphone 16 plus 256Go Noir,0,1249.00,Amazon,Amazon,Neuf,N/A,2024-10-29 07:55:04
195949723216.0,B0DGHMSMST,Iphone 16 plus 256Go Noir,1,1146.28,Amazon Seconde main,Amazon,D'occasion - Très bon,N/A,2024-10-29 07:55:06
195949723216.0,B0DGHMSMST,Iphone 16 plus 256Go Noir,1,1158.22,Amazon Seconde main,Amazon,D'occasion - Comme neuf,N/A,2024-10-29 07:55:06
195949722264.0,B0DGHRPFTH,Iphone 16 plus 128Go Noir,0,1119.00,Amazon,Amazon,Neuf,N/A,2024-10-29 07:59:24
195949722264.0,B0DGHRPFTH,Iphone 16 plus 128Go Noir,1,1074.24,Amazon Seconde main,Amazon,D'occasion - Très bon,N/A,2024-10-29 07:59:26
195949773488.0,B0DGHZDQ82,Iphone 16 pro 1T Noir Titanium,0,N/A,N/A,N/A,Neuf,N/A,2024-10-29 08:03:44
195949037863.0,B0CHX6SD96,Iphone 15 512Go Noir,0,1189.00,Amazon,Amazon,Neuf,N/A,2024-10-29 08:08:04
195949036965.0,B0CHX13YPM,Iphone 15 256Go Noir,0,993.90,Amazon,Amazon,Neuf,N/A,2024-10-29 08:12:24
195949036064.0,B0CHXFCYCR,Iphone 15 128Go Noir,0,809.00,Amazon,Amazon,Neuf,N/A,2024-10-29 08:16:45
195949036064.0,B0CHXFCYCR,Iphone 15 128Go Noir,1,776.64,Amazon Seconde main,Amazon,D'occasion - Très bon,N/A,2024-10-29 08:16:47
195949036064.0,B0CHXFCYCR,Iphone 15 128Go Noir,1,776.64,Amazon Seconde main,Amazon,D'occasion - Très bon,N/A,2024-10-29 08:16:47
195949036064.0,B0CHXFCYCR,Iphone 15 128Go Noir,1,776.64,Amazon Seconde main,Amazon,D'occasion - Très bon,N/A,2024-10-29 08:16:47
195949036064.0,B0CHXFCYCR,Iphone 15 128Go Noir,1,776.64,Amazon Seconde main,Amazon,D'occasion - Très bon,N/A,2024-10-29 08:16:47
195949036064.0,B0CHXFCYCR,Iphone 15 128Go Noir,1,776.64,Amazon Seconde main,Amazon,D'occasion - Très bon,N/A,2024-10-29 08:16:47
195949036064.0,B0CHXFCYCR,Iphone 15 128Go Noir,1,776.64,Amazon Seconde main,Amazon,D'occasion - Très bon,N/A,2024-10-29 08:16:47
195949036064.0,B0CHXFCYCR,Iphone 15 128Go Noir,1,776.64,Amazon Seconde main,Amazon,D'occasion - Très bon,N/A,2024-10-29 08:16:47
195949042539.0,B0CHXFFT8Z,Iphone 15+ 512Go Noir,0,1349.00,Amazon,Amazon,Neuf,N/A,2024-10-29 08:21:05
195949041631.0,B0CHX9XFRN,Iphone 15+ 256Go Noir,0,1039.00,Amazon,Amazon,Neuf,N/A,2024-10-29 08:25:25
195949040733.0,B0CHX3ZTJQ,Iphone 15+ 128Go Noir,0,969.00,Amazon,Amazon,Neuf,N/A,2024-10-29 08:29:45
195949020735.0,B0CHWZ6YYV,Iphone 15 pro 1T Noir Titanium,0,1623.53,Amazon,Amazon,Neuf,N/A,2024-10-29 08:34:05
195949823763.0,B0DGHRL7DB,Iphone 16 512Go Noir Titane,0,1349.00,Amazon,Amazon,Neuf,N/A,2024-10-29 08:39:07
195949823763.0,B0DGHRL7DB,Iphone 16 512Go Noir Titane,1,1295.04,Amazon Seconde main,Amazon,D'occasion - Très bon,N/A,2024-10-29 08:39:09
195949822865.0,B0DGHSG5CD,Iphone 16 256Go Noir Titane,0,1099.00,Amazon,Amazon,Neuf,N/A,2024-10-29 08:43:28
195949822865.0,B0DGHSG5CD,Iphone 16 256Go Noir Titane,1,1055.04,Amazon Seconde main,Amazon,D'occasion - Très bon,N/A,2024-10-29 08:43:29
195949821967.0,B0DGHY5KG8,Iphone 16 128Go Noir Titane,0,969.00,Amazon,Amazon,Neuf,N/A,2024-10-29 08:47:48
195949724169.0,B0DGJ4RRSD,Iphone 16 plus 512Go Noir,0,1499.00,Amazon,Amazon,Neuf,N/A,2024-10-29 08:52:08
195949723216.0,B0DGHMSMST,Iphone 16 plus 256Go Noir,0,1249.00,Amazon,Amazon,Neuf,N/A,2024-10-29 08:56:28
195949723216.0,B0DGHMSMST,Iphone 16 plus 256Go Noir,1,1146.28,Amazon Seconde main,Amazon,D'occasion - Très bon,N/A,2024-10-29 08:56:30
195949723216.0,B0DGHMSMST,Iphone 16 plus 256Go Noir,1,1158.22,Amazon Seconde main,Amazon,D'occasion - Comme neuf,N/A,2024-10-29 08:56:30
195949722264.0,B0DGHRPFTH,Iphone 16 plus 128Go Noir,0,1119.00,Amazon,Amazon,Neuf,N/A,2024-10-29 09:00:48
195949722264.0,B0DGHRPFTH,Iphone 16 plus 128Go Noir,1,1074.24,Amazon Seconde main,Amazon,D'occasion - Très bon,N/A,2024-10-29 09:00:50
195949773488.0,B0DGHZDQ82,Iphone 16 pro 1T Noir Titanium,0,1305.59,N/A,Amazon,Neuf,N/A,2024-10-29 09:05:08
195949773488.0,B0DGHZDQ82,Iphone 16 pro 1T Noir Titanium,1,1305.59,Amazon Seconde main,Amazon,D'occasion - Très bon,N/A,2024-10-29 09:05:10
195949037863.0,B0CHX6SD96,Iphone 15 512Go Noir,0,1189.00,Amazon,Amazon,Neuf,N/A,2024-10-29 09:09:28
195949036965.0,B0CHX13YPM,Iphone 15 256Go Noir,0,993.90,Amazon,Amazon,Neuf,N/A,2024-10-29 09:13:48
195949036064.0,B0CHXFCYCR,Iphone 15 128Go Noir,0,809.00,Amazon,Amazon,Neuf,N/A,2024-10-29 09:18:09
195949036064.0,B0CHXFCYCR,Iphone 15 128Go Noir,1,776.64,Amazon Seconde main,Amazon,D'occasion - Très bon,N/A,2024-10-29 09:18:10
195949042539.0,B0CHXFFT8Z,Iphone 15+ 512Go Noir,0,1349.00,Amazon,Amazon,Neuf,N/A,2024-10-29 09:22:29
195949041631.0,B0CHX9XFRN,Iphone 15+ 256Go Noir,0,1039.00,Amazon,Amazon,Neuf,N/A,2024-10-29 09:26:49
195949040733.0,B0CHX3ZTJQ,Iphone 15+ 128Go Noir,0,969.00,Amazon,Amazon,Neuf,N/A,2024-10-29 09:31:09
195949020735.0,B0CHWZ6YYV,Iphone 15 pro 1T Noir Titanium,0,1623.53,Amazon,Amazon,Neuf,N/A,2024-10-29 09:35:29
195949823763.0,B0DGHRL7DB,Iphone 16 512Go Noir Titane,0,1349.00,Amazon,Amazon,Neuf,N/A,2024-10-29 09:40:31
195949823763.0,B0DGHRL7DB,Iphone 16 512Go Noir Titane,1,1295.04,Amazon Seconde main,Amazon,D'occasion - Très bon,N/A,2024-10-29 09:40:32
195949822865.0,B0DGHSG5CD,Iphone 16 256Go Noir Titane,0,1099.00,Amazon,Amazon,Neuf,N/A,2024-10-29 09:44:51
195949822865.0,B0DGHSG5CD,Iphone 16 256Go Noir Titane,1,1055.04,Amazon Seconde main,Amazon,D'occasion - Très bon,N/A,2024-10-29 09:44:53
195949821967.0,B0DGHY5KG8,Iphone 16 128Go Noir Titane,0,969.00,Amazon,Amazon,Neuf,N/A,2024-10-29 09:49:11
195949724169.0,B0DGJ4RRSD,Iphone 16 plus 512Go Noir,0,1499.00,Amazon,Amazon,Neuf,N/A,2024-10-29 09:53:31
195949723216.0,B0DGHMSMST,Iphone 16 plus 256Go Noir,0,1249.00,Amazon,Amazon,Neuf,N/A,2024-10-29 09:57:51
195949723216.0,B0DGHMSMST,Iphone 16 plus 256Go Noir,1,1146.28,Amazon Seconde main,Amazon,D'occasion - Très bon,N/A,2024-10-29 09:57:53
195949723216.0,B0DGHMSMST,Iphone 16 plus 256Go Noir,1,1158.22,Amazon Seconde main,Amazon,D'occasion - Comme neuf,N/A,2024-10-29 09:57:53
195949722264.0,B0DGHRPFTH,Iphone 16 plus 128Go Noir,0,1119.00,Amazon,Amazon,Neuf,N/A,2024-10-29 10:02:12
195949722264.0,B0DGHRPFTH,Iphone 16 plus 128Go Noir,1,1074.24,Amazon Seconde main,Amazon,D'occasion - Très bon,N/A,2024-10-29 10:02:13
195949773488.0,B0DGHZDQ82,Iphone 16 pro 1T Noir Titanium,0,N/A,N/A,N/A,Neuf,N/A,2024-10-29 10:06:31
195949037863.0,B0CHX6SD96,Iphone 15 512Go Noir,0,1189.00,Amazon,Amazon,Neuf,N/A,2024-10-29 10:10:51
195949036965.0,B0CHX13YPM,Iphone 15 256Go Noir,0,993.90,Amazon,Amazon,Neuf,N/A,2024-10-29 10:15:11
195949036064.0,B0CHXFCYCR,Iphone 15 128Go Noir,0,809.00,Amazon,Amazon,Neuf,N/A,2024-10-29 10:19:32
195949036064.0,B0CHXFCYCR,Iphone 15 128Go Noir,1,776.64,Amazon Seconde main,Amazon,D'occasion - Très bon,N/A,2024-10-29 10:19:34
195949036064.0,B0CHXFCYCR,Iphone 15 128Go Noir,1,776.64,Amazon Seconde main,Amazon,D'occasion - Très bon,N/A,2024-10-29 10:19:34
195949036064.0,B0CHXFCYCR,Iphone 15 128Go Noir,1,776.64,Amazon Seconde main,Amazon,D'occasion - Très bon,N/A,2024-10-29 10:19:34
195949036064.0,B0CHXFCYCR,Iphone 15 128Go Noir,1,776.64,Amazon Seconde main,Amazon,D'occasion - Très bon,N/A,2024-10-29 10:19:34
195949036064.0,B0CHXFCYCR,Iphone 15 128Go Noir,1,776.64,Amazon Seconde main,Amazon,D'occasion - Très bon,N/A,2024-10-29 10:19:34
195949036064.0,B0CHXFCYCR,Iphone 15 128Go Noir,1,776.64,Amazon Seconde main,Amazon,D'occasion - Très bon,N/A,2024-10-29 10:19:34
195949036064.0,B0CHXFCYCR,Iphone 15 128Go Noir,1,776.64,Amazon Seconde main,Amazon,D'occasion - Très bon,N/A,2024-10-29 10:19:34
195949042539.0,B0CHXFFT8Z,Iphone 15+ 512Go Noir,0,1349.00,Amazon,Amazon,Neuf,N/A,2024-10-29 10:23:53
195949041631.0,B0CHX9XFRN,Iphone 15+ 256Go Noir,0,1039.00,Amazon,Amazon,Neuf,N/A,2024-10-29 10:28:13
195949040733.0,B0CHX3ZTJQ,Iphone 15+ 128Go Noir,0,969.00,Amazon,Amazon,Neuf,N/A,2024-10-29 10:32:33
195949020735.0,B0CHWZ6YYV,Iphone 15 pro 1T Noir Titanium,0,1623.53,Amazon,Amazon,Neuf,N/A,2024-10-29 10:36:53
195949823763.0,B0DGHRL7DB,Iphone 16 512Go Noir Titane,0,1349.00,Amazon,Amazon,Neuf,N/A,2024-10-29 10:41:55
195949823763.0,B0DGHRL7DB,Iphone 16 512Go Noir Titane,1,1295.04,Amazon Seconde main,Amazon,D'occasion - Très bon,N/A,2024-10-29 10:41:57
195949822865.0,B0DGHSG5CD,Iphone 16 256Go Noir Titane,0,1099.00,Amazon,Amazon,Neuf,N/A,2024-10-29 10:46:16
195949822865.0,B0DGHSG5CD,Iphone 16 256Go Noir Titane,1,1055.04,Amazon Seconde main,Amazon,D'occasion - Très bon,N/A,2024-10-29 10:46:17
195949821967.0,B0DGHY5KG8,Iphone 16 128Go Noir Titane,0,969.00,Amazon,Amazon,Neuf,N/A,2024-10-29 10:50:36
195949724169.0,B0DGJ4RRSD,Iphone 16 plus 512Go Noir,0,1499.00,Amazon,Amazon,Neuf,N/A,2024-10-29 10:54:56
195949723216.0,B0DGHMSMST,Iphone 16 plus 256Go Noir,0,1249.00,Amazon,Amazon,Neuf,N/A,2024-10-29 10:59:16
195949723216.0,B0DGHMSMST,Iphone 16 plus 256Go Noir,1,1146.28,Amazon Seconde main,Amazon,D'occasion - Très bon,N/A,2024-10-29 10:59:18
195949723216.0,B0DGHMSMST,Iphone 16 plus 256Go Noir,1,1158.22,Amazon Seconde main,Amazon,D'occasion - Comme neuf,N/A,2024-10-29 10:59:18
195949723216.0,B0DGHMSMST,Iphone 16 plus 256Go Noir,1,1158.22,Amazon Seconde main,Amazon,D'occasion - Comme neuf,N/A,2024-10-29 10:59:18
195949722264.0,B0DGHRPFTH,Iphone 16 plus 128Go Noir,0,1119.00,Amazon,Amazon,Neuf,N/A,2024-10-29 11:03:36
195949722264.0,B0DGHRPFTH,Iphone 16 plus 128Go Noir,1,1074.24,Amazon Seconde main,Amazon,D'occasion - Très bon,N/A,2024-10-29 11:03:38
195949773488.0,B0DGHZDQ82,Iphone 16 pro 1T Noir Titanium,0,N/A,N/A,N/A,Neuf,N/A,2024-10-29 11:07:56
195949037863.0,B0CHX6SD96,Iphone 15 512Go Noir,0,1189.00,Amazon,Amazon,Neuf,N/A,2024-10-29 11:12:16
195949036965.0,B0CHX13YPM,Iphone 15 256Go Noir,0,993.90,Amazon,Amazon,Neuf,N/A,2024-10-29 11:16:36
195949036064.0,B0CHXFCYCR,Iphone 15 128Go Noir,0,809.00,Amazon,Amazon,Neuf,N/A,2024-10-29 11:20:56
195949036064.0,B0CHXFCYCR,Iphone 15 128Go Noir,1,776.64,Amazon Seconde main,Amazon,D'occasion - Très bon,N/A,2024-10-29 11:20:58
195949042539.0,B0CHXFFT8Z,Iphone 15+ 512Go Noir,0,1349.00,Amazon,Amazon,Neuf,N/A,2024-10-29 11:25:17
195949041631.0,B0CHX9XFRN,Iphone 15+ 256Go Noir,0,1039.00,Amazon,Amazon,Neuf,N/A,2024-10-29 11:29:37
195949040733.0,B0CHX3ZTJQ,Iphone 15+ 128Go Noir,0,969.00,Amazon,Amazon,Neuf,N/A,2024-10-29 11:33:57
195949020735.0,B0CHWZ6YYV,Iphone 15 pro 1T Noir Titanium,0,1623.53,Amazon,Amazon,Neuf,N/A,2024-10-29 11:38:17
195949823763.0,B0DGHRL7DB,Iphone 16 512Go Noir Titane,0,1349.00,Amazon,Amazon,Neuf,N/A,2024-10-29 11:43:19
195949823763.0,B0DGHRL7DB,Iphone 16 512Go Noir Titane,1,1295.04,Amazon Seconde main,Amazon,D'occasion - Très bon,N/A,2024-10-29 11:43:21
195949822865.0,B0DGHSG5CD,Iphone 16 256Go Noir Titane,0,1099.00,Amazon,Amazon,Neuf,N/A,2024-10-29 11:47:39
195949822865.0,B0DGHSG5CD,Iphone 16 256Go Noir Titane,1,1055.04,Amazon Seconde main,Amazon,D'occasion - Très bon,N/A,2024-10-29 11:47:41
195949821967.0,B0DGHY5KG8,Iphone 16 128Go Noir Titane,0,969.00,Amazon,Amazon,Neuf,N/A,2024-10-29 11:51:59
195949724169.0,B0DGJ4RRSD,Iphone 16 plus 512Go Noir,0,1499.00,Amazon,Amazon,Neuf,N/A,2024-10-29 11:56:19
195949723216.0,B0DGHMSMST,Iphone 16 plus 256Go Noir,0,1249.00,Amazon,Amazon,Neuf,N/A,2024-10-29 12:00:40
195949723216.0,B0DGHMSMST,Iphone 16 plus 256Go Noir,1,1146.28,Amazon Seconde main,Amazon,D'occasion - Très bon,N/A,2024-10-29 12:00:41
195949723216.0,B0DGHMSMST,Iphone 16 plus 256Go Noir,1,1158.22,Amazon Seconde main,Amazon,D'occasion - Comme neuf,N/A,2024-10-29 12:00:41
195949723216.0,B0DGHMSMST,Iphone 16 plus 256Go Noir,1,1158.22,Amazon Seconde main,Amazon,D'occasion - Comme neuf,N/A,2024-10-29 12:00:41
195949722264.0,B0DGHRPFTH,Iphone 16 plus 128Go Noir,0,1119.00,Amazon,Amazon,Neuf,N/A,2024-10-29 12:05:00
195949722264.0,B0DGHRPFTH,Iphone 16 plus 128Go Noir,1,1074.24,Amazon Seconde main,Amazon,D'occasion - Très bon,N/A,2024-10-29 12:05:02
195949773488.0,B0DGHZDQ82,Iphone 16 pro 1T Noir Titanium,0,N/A,N/A,N/A,Neuf,N/A,2024-10-29 12:09:20
195949037863.0,B0CHX6SD96,Iphone 15 512Go Noir,0,1189.00,Amazon,Amazon,Neuf,N/A,2024-10-29 12:13:40
195949036965.0,B0CHX13YPM,Iphone 15 256Go Noir,0,993.95,Amazon,Amazon,Neuf,N/A,2024-10-29 12:18:00
195949036064.0,B0CHXFCYCR,Iphone 15 128Go Noir,0,809.00,Amazon,Amazon,Neuf,N/A,2024-10-29 12:22:20
195949036064.0,B0CHXFCYCR,Iphone 15 128Go Noir,1,776.64,Amazon Seconde main,Amazon,D'occasion - Très bon,N/A,2024-10-29 12:22:22
195949042539.0,B0CHXFFT8Z,Iphone 15+ 512Go Noir,0,1349.00,Amazon,Amazon,Neuf,N/A,2024-10-29 12:26:40
195949041631.0,B0CHX9XFRN,Iphone 15+ 256Go Noir,0,1039.00,Amazon,Amazon,Neuf,N/A,2024-10-29 12:31:00
195949040733.0,B0CHX3ZTJQ,Iphone 15+ 128Go Noir,0,969.00,Amazon,Amazon,Neuf,N/A,2024-10-29 12:35:20
195949020735.0,B0CHWZ6YYV,Iphone 15 pro 1T Noir Titanium,0,1623.53,Amazon,Amazon,Neuf,N/A,2024-10-29 12:39:40
195949823763.0,B0DGHRL7DB,Iphone 16 512Go Noir Titane,0,1349.00,Amazon,Amazon,Neuf,N/A,2024-10-29 12:44:42
195949823763.0,B0DGHRL7DB,Iphone 16 512Go Noir Titane,1,1295.04,Amazon Seconde main,Amazon,D'occasion - Très bon,N/A,2024-10-29 12:44:44
195949822865.0,B0DGHSG5CD,Iphone 16 256Go Noir Titane,0,1099.00,Amazon,Amazon,Neuf,N/A,2024-10-29 12:49:02
195949822865.0,B0DGHSG5CD,Iphone 16 256Go Noir Titane,1,1055.04,Amazon Seconde main,Amazon,D'occasion - Très bon,N/A,2024-10-29 12:49:04
195949821967.0,B0DGHY5KG8,Iphone 16 128Go Noir Titane,0,969.00,Amazon,Amazon,Neuf,N/A,2024-10-29 12:53:22
195949724169.0,B0DGJ4RRSD,Iphone 16 plus 512Go Noir,0,1499.00,Amazon,Amazon,Neuf,N/A,2024-10-29 12:57:42
195949723216.0,B0DGHMSMST,Iphone 16 plus 256Go Noir,0,1249.00,Amazon,Amazon,Neuf,N/A,2024-10-29 13:02:03
195949723216.0,B0DGHMSMST,Iphone 16 plus 256Go Noir,1,1146.28,Amazon Seconde main,Amazon,D'occasion - Très bon,N/A,2024-10-29 13:02:04
195949723216.0,B0DGHMSMST,Iphone 16 plus 256Go Noir,1,1158.22,Amazon Seconde main,Amazon,D'occasion - Comme neuf,N/A,2024-10-29 13:02:04
195949723216.0,B0DGHMSMST,Iphone 16 plus 256Go Noir,1,1158.22,Amazon Seconde main,Amazon,D'occasion - Comme neuf,N/A,2024-10-29 13:02:04
195949722264.0,B0DGHRPFTH,Iphone 16 plus 128Go Noir,0,1119.00,Amazon,Amazon,Neuf,N/A,2024-10-29 13:06:23
195949722264.0,B0DGHRPFTH,Iphone 16 plus 128Go Noir,1,1074.24,Amazon Seconde main,Amazon,D'occasion - Très bon,N/A,2024-10-29 13:06:25
195949773488.0,B0DGHZDQ82,Iphone 16 pro 1T Noir Titanium,0,N/A,N/A,N/A,Neuf,N/A,2024-10-29 13:10:43
195949037863.0,B0CHX6SD96,Iphone 15 512Go Noir,0,1189.00,Amazon,Amazon,Neuf,N/A,2024-10-29 13:15:03
195949036965.0,B0CHX13YPM,Iphone 15 256Go Noir,0,993.99,Amazon,Amazon,Neuf,N/A,2024-10-29 13:19:23
195949036064.0,B0CHXFCYCR,Iphone 15 128Go Noir,0,809.00,Amazon,Amazon,Neuf,N/A,2024-10-29 13:23:43
195949036064.0,B0CHXFCYCR,Iphone 15 128Go Noir,1,776.64,Amazon Seconde main,Amazon,D'occasion - Très bon,N/A,2024-10-29 13:23:45
195949042539.0,B0CHXFFT8Z,Iphone 15+ 512Go Noir,0,1349.00,Amazon,Amazon,Neuf,N/A,2024-10-29 13:28:04
195949041631.0,B0CHX9XFRN,Iphone 15+ 256Go Noir,0,1039.00,Amazon,Amazon,Neuf,N/A,2024-10-29 13:32:24
195949040733.0,B0CHX3ZTJQ,Iphone 15+ 128Go Noir,0,969.00,Amazon,Amazon,Neuf,N/A,2024-10-29 13:36:44
195949020735.0,B0CHWZ6YYV,Iphone 15 pro 1T Noir Titanium,0,1623.53,Amazon,Amazon,Neuf,N/A,2024-10-29 13:41:04
195949823763.0,B0DGHRL7DB,Iphone 16 512Go Noir Titane,0,1349.00,Amazon,Amazon,Neuf,N/A,2024-10-29 13:46:06
195949823763.0,B0DGHRL7DB,Iphone 16 512Go Noir Titane,1,1295.04,Amazon Seconde main,Amazon,D'occasion - Très bon,N/A,2024-10-29 13:46:08
195949822865.0,B0DGHSG5CD,Iphone 16 256Go Noir Titane,0,1099.00,Amazon,Amazon,Neuf,N/A,2024-10-29 13:50:27
195949822865.0,B0DGHSG5CD,Iphone 16 256Go Noir Titane,1,1055.04,Amazon Seconde main,Amazon,D'occasion - Très bon,N/A,2024-10-29 13:50:28
195949821967.0,B0DGHY5KG8,Iphone 16 128Go Noir Titane,0,969.00,Amazon,Amazon,Neuf,N/A,2024-10-29 13:54:47
195949724169.0,B0DGJ4RRSD,Iphone 16 plus 512Go Noir,0,1499.00,Amazon,Amazon,Neuf,N/A,2024-10-29 13:59:07
195949723216.0,B0DGHMSMST,Iphone 16 plus 256Go Noir,0,1249.00,Amazon,Amazon,Neuf,N/A,2024-10-29 14:03:27
195949723216.0,B0DGHMSMST,Iphone 16 plus 256Go Noir,1,1146.28,Amazon Seconde main,Amazon,D'occasion - Très bon,N/A,2024-10-29 14:03:29
195949723216.0,B0DGHMSMST,Iphone 16 plus 256Go Noir,1,1158.22,Amazon Seconde main,Amazon,D'occasion - Comme neuf,N/A,2024-10-29 14:03:29
195949723216.0,B0DGHMSMST,Iphone 16 plus 256Go Noir,1,1158.22,Amazon Seconde main,Amazon,D'occasion - Comme neuf,N/A,2024-10-29 14:03:29
195949722264.0,B0DGHRPFTH,Iphone 16 plus 128Go Noir,0,1119.00,Amazon,Amazon,Neuf,N/A,2024-10-29 14:07:47
195949722264.0,B0DGHRPFTH,Iphone 16 plus 128Go Noir,1,1074.24,Amazon Seconde main,Amazon,D'occasion - Très bon,N/A,2024-10-29 14:07:49
195949722264.0,B0DGHRPFTH,Iphone 16 plus 128Go Noir,1,1074.24,Amazon Seconde main,Amazon,D'occasion - Très bon,N/A,2024-10-29 14:07:49
195949773488.0,B0DGHZDQ82,Iphone 16 pro 1T Noir Titanium,0,N/A,N/A,N/A,Neuf,N/A,2024-10-29 14:12:07
195949037863.0,B0CHX6SD96,Iphone 15 512Go Noir,0,1189.00,Amazon,Amazon,Neuf,N/A,2024-10-29 14:16:27
195949036965.0,B0CHX13YPM,Iphone 15 256Go Noir,0,994.03,Amazon,Amazon,Neuf,N/A,2024-10-29 14:20:47
195949036064.0,B0CHXFCYCR,Iphone 15 128Go Noir,0,809.00,Amazon,Amazon,Neuf,N/A,2024-10-29 14:25:08
195949036064.0,B0CHXFCYCR,Iphone 15 128Go Noir,1,776.64,Amazon Seconde main,Amazon,D'occasion - Très bon,N/A,2024-10-29 14:25:10
195949042539.0,B0CHXFFT8Z,Iphone 15+ 512Go Noir,0,1349.00,Amazon,Amazon,Neuf,N/A,2024-10-29 14:29:28
195949041631.0,B0CHX9XFRN,Iphone 15+ 256Go Noir,0,1039.00,Amazon,Amazon,Neuf,N/A,2024-10-29 14:33:48
195949040733.0,B0CHX3ZTJQ,Iphone 15+ 128Go Noir,0,969.00,Amazon,Amazon,Neuf,N/A,2024-10-29 14:38:08
195949020735.0,B0CHWZ6YYV,Iphone 15 pro 1T Noir Titanium,0,1623.53,Amazon,Amazon,Neuf,N/A,2024-10-29 14:42:28
195949823763.0,B0DGHRL7DB,Iphone 16 512Go Noir Titane,0,1349.00,Amazon,Amazon,Neuf,N/A,2024-10-29 14:47:30
195949823763.0,B0DGHRL7DB,Iphone 16 512Go Noir Titane,1,1295.04,Amazon Seconde main,Amazon,D'occasion - Très bon,N/A,2024-10-29 14:47:32
195949822865.0,B0DGHSG5CD,Iphone 16 256Go Noir Titane,0,1099.00,Amazon,Amazon,Neuf,N/A,2024-10-29 14:51:51
195949822865.0,B0DGHSG5CD,Iphone 16 256Go Noir Titane,1,1055.04,Amazon Seconde main,Amazon,D'occasion - Très bon,N/A,2024-10-29 14:51:52
195949821967.0,B0DGHY5KG8,Iphone 16 128Go Noir Titane,0,969.00,Amazon,Amazon,Neuf,N/A,2024-10-29 14:56:11
195949724169.0,B0DGJ4RRSD,Iphone 16 plus 512Go Noir,0,1499.00,Amazon,Amazon,Neuf,N/A,2024-10-29 15:00:31
195949723216.0,B0DGHMSMST,Iphone 16 plus 256Go Noir,0,1249.00,Amazon,Amazon,Neuf,N/A,2024-10-29 15:04:51
195949723216.0,B0DGHMSMST,Iphone 16 plus 256Go Noir,1,1146.28,Amazon Seconde main,Amazon,D'occasion - Très bon,N/A,2024-10-29 15:04:53
195949723216.0,B0DGHMSMST,Iphone 16 plus 256Go Noir,1,1158.22,Amazon Seconde main,Amazon,D'occasion - Comme neuf,N/A,2024-10-29 15:04:53
195949723216.0,B0DGHMSMST,Iphone 16 plus 256Go Noir,1,1158.22,Amazon Seconde main,Amazon,D'occasion - Comme neuf,N/A,2024-10-29 15:04:53
195949722264.0,B0DGHRPFTH,Iphone 16 plus 128Go Noir,0,1119.00,Amazon,Amazon,Neuf,N/A,2024-10-29 15:09:11
195949722264.0,B0DGHRPFTH,Iphone 16 plus 128Go Noir,1,1074.24,Amazon Seconde main,Amazon,D'occasion - Très bon,N/A,2024-10-29 15:09:13
195949722264.0,B0DGHRPFTH,Iphone 16 plus 128Go Noir,1,1074.24,Amazon Seconde main,Amazon,D'occasion - Très bon,N/A,2024-10-29 15:09:13
195949773488.0,B0DGHZDQ82,Iphone 16 pro 1T Noir Titanium,0,N/A,N/A,N/A,Neuf,N/A,2024-10-29 15:13:31
195949037863.0,B0CHX6SD96,Iphone 15 512Go Noir,0,1189.00,Amazon,Amazon,Neuf,N/A,2024-10-29 15:17:51
195949036965.0,B0CHX13YPM,Iphone 15 256Go Noir,0,994.06,Amazon,Amazon,Neuf,N/A,2024-10-29 15:22:11
195949036064.0,B0CHXFCYCR,Iphone 15 128Go Noir,0,809.00,Amazon,Amazon,Neuf,N/A,2024-10-29 15:26:31
195949036064.0,B0CHXFCYCR,Iphone 15 128Go Noir,1,776.64,Amazon Seconde main,Amazon,D'occasion - Très bon,N/A,2024-10-29 15:26:33
195949036064.0,B0CHXFCYCR,Iphone 15 128Go Noir,1,776.64,Amazon Seconde main,Amazon,D'occasion - Très bon,N/A,2024-10-29 15:26:33
195949036064.0,B0CHXFCYCR,Iphone 15 128Go Noir,1,776.64,Amazon Seconde main,Amazon,D'occasion - Très bon,N/A,2024-10-29 15:26:33
195949036064.0,B0CHXFCYCR,Iphone 15 128Go Noir,1,776.64,Amazon Seconde main,Amazon,D'occasion - Très bon,N/A,2024-10-29 15:26:33
195949036064.0,B0CHXFCYCR,Iphone 15 128Go Noir,1,776.64,Amazon Seconde main,Amazon,D'occasion - Très bon,N/A,2024-10-29 15:26:33
195949036064.0,B0CHXFCYCR,Iphone 15 128Go Noir,1,776.64,Amazon Seconde main,Amazon,D'occasion - Très bon,N/A,2024-10-29 15:26:33
195949036064.0,B0CHXFCYCR,Iphone 15 128Go Noir,1,776.64,Amazon Seconde main,Amazon,D'occasion - Très bon,N/A,2024-10-29 15:26:33
195949042539.0,B0CHXFFT8Z,Iphone 15+ 512Go Noir,0,1349.00,Amazon,Amazon,Neuf,N/A,2024-10-29 15:30:52
195949041631.0,B0CHX9XFRN,Iphone 15+ 256Go Noir,0,1039.00,Amazon,Amazon,Neuf,N/A,2024-10-29 15:35:12
195949040733.0,B0CHX3ZTJQ,Iphone 15+ 128Go Noir,0,969.00,Amazon,Amazon,Neuf,N/A,2024-10-29 15:39:32
195949020735.0,B0CHWZ6YYV,Iphone 15 pro 1T Noir Titanium,0,1623.53,Amazon,Amazon,Neuf,N/A,2024-10-29 15:43:52
195949823763.0,B0DGHRL7DB,Iphone 16 512Go Noir Titane,0,1349.00,Amazon,Amazon,Neuf,N/A,2024-10-29 15:48:54
195949823763.0,B0DGHRL7DB,Iphone 16 512Go Noir Titane,1,1295.04,Amazon Seconde main,Amazon,D'occasion - Très bon,N/A,2024-10-29 15:48:56
195949822865.0,B0DGHSG5CD,Iphone 16 256Go Noir Titane,0,1099.00,Amazon,Amazon,Neuf,N/A,2024-10-29 15:53:14
195949822865.0,B0DGHSG5CD,Iphone 16 256Go Noir Titane,1,1055.04,Amazon Seconde main,Amazon,D'occasion - Très bon,N/A,2024-10-29 15:53:16
195949821967.0,B0DGHY5KG8,Iphone 16 128Go Noir Titane,0,969.00,Amazon,Amazon,Neuf,N/A,2024-10-29 15:57:34
195949724169.0,B0DGJ4RRSD,Iphone 16 plus 512Go Noir,0,1499.00,Amazon,Amazon,Neuf,N/A,2024-10-29 16:01:54
195949723216.0,B0DGHMSMST,Iphone 16 plus 256Go Noir,0,1249.00,Amazon,Amazon,Neuf,N/A,2024-10-29 16:06:15
195949723216.0,B0DGHMSMST,Iphone 16 plus 256Go Noir,1,1146.28,Amazon Seconde main,Amazon,D'occasion - Très bon,N/A,2024-10-29 16:06:17
195949723216.0,B0DGHMSMST,Iphone 16 plus 256Go Noir,1,1158.22,Amazon Seconde main,Amazon,D'occasion - Comme neuf,N/A,2024-10-29 16:06:17
195949723216.0,B0DGHMSMST,Iphone 16 plus 256Go Noir,1,1158.22,Amazon Seconde main,Amazon,D'occasion - Comme neuf,N/A,2024-10-29 16:06:17
195949722264.0,B0DGHRPFTH,Iphone 16 plus 128Go Noir,0,1119.00,Amazon,Amazon,Neuf,N/A,2024-10-29 16:10:35
195949722264.0,B0DGHRPFTH,Iphone 16 plus 128Go Noir,1,1074.24,Amazon Seconde main,Amazon,D'occasion - Très bon,N/A,2024-10-29 16:10:37
195949722264.0,B0DGHRPFTH,Iphone 16 plus 128Go Noir,1,1074.24,Amazon Seconde main,Amazon,D'occasion - Très bon,N/A,2024-10-29 16:10:37
195949773488.0,B0DGHZDQ82,Iphone 16 pro 1T Noir Titanium,0,N/A,N/A,N/A,Neuf,N/A,2024-10-29 16:14:55
195949037863.0,B0CHX6SD96,Iphone 15 512Go Noir,0,1189.00,Amazon,Amazon,Neuf,N/A,2024-10-29 16:19:15
195949036965.0,B0CHX13YPM,Iphone 15 256Go Noir,0,994.11,Amazon,Amazon,Neuf,N/A,2024-10-29 16:23:35
195949036064.0,B0CHXFCYCR,Iphone 15 128Go Noir,0,809.00,Amazon,Amazon,Neuf,N/A,2024-10-29 16:27:55
195949036064.0,B0CHXFCYCR,Iphone 15 128Go Noir,1,776.64,Amazon Seconde main,Amazon,D'occasion - Très bon,N/A,2024-10-29 16:27:57
195949036064.0,B0CHXFCYCR,Iphone 15 128Go Noir,1,776.64,Amazon Seconde main,Amazon,D'occasion - Très bon,N/A,2024-10-29 16:27:57
195949036064.0,B0CHXFCYCR,Iphone 15 128Go Noir,1,776.64,Amazon Seconde main,Amazon,D'occasion - Très bon,N/A,2024-10-29 16:27:57
195949036064.0,B0CHXFCYCR,Iphone 15 128Go Noir,1,776.64,Amazon Seconde main,Amazon,D'occasion - Très bon,N/A,2024-10-29 16:27:57
195949036064.0,B0CHXFCYCR,Iphone 15 128Go Noir,1,776.64,Amazon Seconde main,Amazon,D'occasion - Très bon,N/A,2024-10-29 16:27:57
195949036064.0,B0CHXFCYCR,Iphone 15 128Go Noir,1,776.64,Amazon Seconde main,Amazon,D'occasion - Très bon,N/A,2024-10-29 16:27:57
195949036064.0,B0CHXFCYCR,Iphone 15 128Go Noir,1,776.64,Amazon Seconde main,Amazon,D'occasion - Très bon,N/A,2024-10-29 16:27:57
195949042539.0,B0CHXFFT8Z,Iphone 15+ 512Go Noir,0,1349.00,Amazon,Amazon,Neuf,N/A,2024-10-29 16:32:16
195949041631.0,B0CHX9XFRN,Iphone 15+ 256Go Noir,0,1039.00,Amazon,Amazon,Neuf,N/A,2024-10-29 16:36:36
195949040733.0,B0CHX3ZTJQ,Iphone 15+ 128Go Noir,0,969.00,Amazon,Amazon,Neuf,N/A,2024-10-29 16:40:56
195949020735.0,B0CHWZ6YYV,Iphone 15 pro 1T Noir Titanium,0,1623.53,Amazon,Amazon,Neuf,N/A,2024-10-29 16:45:16
195949823763.0,B0DGHRL7DB,Iphone 16 512Go Noir Titane,0,1349.00,Amazon,Amazon,Neuf,N/A,2024-10-29 16:50:18
195949823763.0,B0DGHRL7DB,Iphone 16 512Go Noir Titane,1,1295.04,Amazon Seconde main,Amazon,D'occasion - Très bon,N/A,2024-10-29 16:50:19
195949822865.0,B0DGHSG5CD,Iphone 16 256Go Noir Titane,0,1099.00,Amazon,Amazon,Neuf,N/A,2024-10-29 16:54:38
195949822865.0,B0DGHSG5CD,Iphone 16 256Go Noir Titane,1,1055.04,Amazon Seconde main,Amazon,D'occasion - Très bon,N/A,2024-10-29 16:54:40
195949821967.0,B0DGHY5KG8,Iphone 16 128Go Noir Titane,0,969.00,Amazon,Amazon,Neuf,N/A,2024-10-29 16:58:58
195949724169.0,B0DGJ4RRSD,Iphone 16 plus 512Go Noir,0,1499.00,Amazon,Amazon,Neuf,N/A,2024-10-29 17:03:18
195949723216.0,B0DGHMSMST,Iphone 16 plus 256Go Noir,0,1249.00,Amazon,Amazon,Neuf,N/A,2024-10-29 17:07:38
195949723216.0,B0DGHMSMST,Iphone 16 plus 256Go Noir,1,1158.22,Amazon Seconde main,Amazon,D'occasion - Comme neuf,N/A,2024-10-29 17:07:40
195949723216.0,B0DGHMSMST,Iphone 16 plus 256Go Noir,1,1158.22,Amazon Seconde main,Amazon,D'occasion - Comme neuf,N/A,2024-10-29 17:07:40
195949722264.0,B0DGHRPFTH,Iphone 16 plus 128Go Noir,0,1119.00,Amazon,Amazon,Neuf,N/A,2024-10-29 17:11:59
195949722264.0,B0DGHRPFTH,Iphone 16 plus 128Go Noir,1,1074.24,Amazon Seconde main,Amazon,D'occasion - Très bon,N/A,2024-10-29 17:12:00
195949773488.0,B0DGHZDQ82,Iphone 16 pro 1T Noir Titanium,0,N/A,N/A,N/A,Neuf,N/A,2024-10-29 17:16:19
195949037863.0,B0CHX6SD96,Iphone 15 512Go Noir,0,1189.00,Amazon,Amazon,Neuf,N/A,2024-10-29 17:20:39
195949036965.0,B0CHX13YPM,Iphone 15 256Go Noir,0,994.15,Amazon,Amazon,Neuf,N/A,2024-10-29 17:24:59
195949036064.0,B0CHXFCYCR,Iphone 15 128Go Noir,0,809.00,Amazon,Amazon,Neuf,N/A,2024-10-29 17:29:19
195949036064.0,B0CHXFCYCR,Iphone 15 128Go Noir,1,776.64,Amazon Seconde main,Amazon,D'occasion - Très bon,N/A,2024-10-29 17:29:20
195949042539.0,B0CHXFFT8Z,Iphone 15+ 512Go Noir,0,1349.00,Amazon,Amazon,Neuf,N/A,2024-10-29 17:33:39
195949041631.0,B0CHX9XFRN,Iphone 15+ 256Go Noir,0,1039.00,Amazon,Amazon,Neuf,N/A,2024-10-29 17:37:59
195949040733.0,B0CHX3ZTJQ,Iphone 15+ 128Go Noir,0,969.00,Amazon,Amazon,Neuf,N/A,2024-10-29 17:42:19
195949020735.0,B0CHWZ6YYV,Iphone 15 pro 1T Noir Titanium,0,1623.53,Amazon,Amazon,Neuf,N/A,2024-10-29 17:46:39
195949823763.0,B0DGHRL7DB,Iphone 16 512Go Noir Titane,0,1349.00,Amazon,Amazon,Neuf,N/A,2024-10-29 17:51:41
195949823763.0,B0DGHRL7DB,Iphone 16 512Go Noir Titane,1,1295.04,Amazon Seconde main,Amazon,D'occasion - Très bon,N/A,2024-10-29 17:51:43
195949822865.0,B0DGHSG5CD,Iphone 16 256Go Noir Titane,0,1099.00,Amazon,Amazon,Neuf,N/A,2024-10-29 17:56:01
195949822865.0,B0DGHSG5CD,Iphone 16 256Go Noir Titane,1,1055.04,Amazon Seconde main,Amazon,D'occasion - Très bon,N/A,2024-10-29 17:56:03
195949821967.0,B0DGHY5KG8,Iphone 16 128Go Noir Titane,0,969.00,Amazon,Amazon,Neuf,N/A,2024-10-29 18:00:21
195949724169.0,B0DGJ4RRSD,Iphone 16 plus 512Go Noir,0,1499.00,Amazon,Amazon,Neuf,N/A,2024-10-29 18:04:42
195949723216.0,B0DGHMSMST,Iphone 16 plus 256Go Noir,0,1249.00,Amazon,Amazon,Neuf,N/A,2024-10-29 18:09:02
195949723216.0,B0DGHMSMST,Iphone 16 plus 256Go Noir,1,1158.22,Amazon Seconde main,Amazon,D'occasion - Comme neuf,N/A,2024-10-29 18:09:03
195949722264.0,B0DGHRPFTH,Iphone 16 plus 128Go Noir,0,1119.00,Amazon,Amazon,Neuf,N/A,2024-10-29 18:13:22
195949722264.0,B0DGHRPFTH,Iphone 16 plus 128Go Noir,1,1074.24,Amazon Seconde main,Amazon,D'occasion - Très bon,N/A,2024-10-29 18:13:24
195949773488.0,B0DGHZDQ82,Iphone 16 pro 1T Noir Titanium,0,N/A,N/A,N/A,Neuf,N/A,2024-10-29 18:17:42
195949037863.0,B0CHX6SD96,Iphone 15 512Go Noir,0,1189.00,Amazon,Amazon,Neuf,N/A,2024-10-29 18:22:02
195949036965.0,B0CHX13YPM,Iphone 15 256Go Noir,0,994.20,Amazon,Amazon,Neuf,N/A,2024-10-29 18:26:22
195949036064.0,B0CHXFCYCR,Iphone 15 128Go Noir,0,809.00,Amazon,Amazon,Neuf,N/A,2024-10-29 18:30:42
195949036064.0,B0CHXFCYCR,Iphone 15 128Go Noir,1,776.64,Amazon Seconde main,Amazon,D'occasion - Très bon,N/A,2024-10-29 18:30:44
195949042539.0,B0CHXFFT8Z,Iphone 15+ 512Go Noir,0,1349.00,Amazon,Amazon,Neuf,N/A,2024-10-29 18:35:02
195949041631.0,B0CHX9XFRN,Iphone 15+ 256Go Noir,0,1039.00,Amazon,Amazon,Neuf,N/A,2024-10-29 18:39:22
195949040733.0,B0CHX3ZTJQ,Iphone 15+ 128Go Noir,0,969.00,Amazon,Amazon,Neuf,N/A,2024-10-29 18:43:42
195949020735.0,B0CHWZ6YYV,Iphone 15 pro 1T Noir Titanium,0,1623.53,Amazon,Amazon,Neuf,N/A,2024-10-29 18:48:02
195949823763.0,B0DGHRL7DB,Iphone 16 512Go Noir Titane,0,1349.00,Amazon,Amazon,Neuf,N/A,2024-10-29 18:53:04
195949823763.0,B0DGHRL7DB,Iphone 16 512Go Noir Titane,1,1295.04,Amazon Seconde main,Amazon,D'occasion - Très bon,N/A,2024-10-29 18:53:06
195949822865.0,B0DGHSG5CD,Iphone 16 256Go Noir Titane,0,1099.00,Amazon,Amazon,Neuf,N/A,2024-10-29 18:57:25
195949822865.0,B0DGHSG5CD,Iphone 16 256Go Noir Titane,1,1055.04,Amazon Seconde main,Amazon,D'occasion - Très bon,N/A,2024-10-29 18:57:26
195949821967.0,B0DGHY5KG8,Iphone 16 128Go Noir Titane,0,969.00,Amazon,Amazon,Neuf,N/A,2024-10-29 19:01:45
195949724169.0,B0DGJ4RRSD,Iphone 16 plus 512Go Noir,0,1499.00,Amazon,Amazon,Neuf,N/A,2024-10-29 19:06:05
195949723216.0,B0DGHMSMST,Iphone 16 plus 256Go Noir,0,1249.00,Amazon,Amazon,Neuf,N/A,2024-10-29 19:10:25
195949723216.0,B0DGHMSMST,Iphone 16 plus 256Go Noir,1,1158.22,Amazon Seconde main,Amazon,D'occasion - Comme neuf,N/A,2024-10-29 19:10:26
195949722264.0,B0DGHRPFTH,Iphone 16 plus 128Go Noir,0,1119.00,Amazon,Amazon,Neuf,N/A,2024-10-29 19:14:45
195949722264.0,B0DGHRPFTH,Iphone 16 plus 128Go Noir,1,1074.24,Amazon Seconde main,Amazon,D'occasion - Très bon,N/A,2024-10-29 19:14:47
195949722264.0,B0DGHRPFTH,Iphone 16 plus 128Go Noir,1,1074.24,Amazon Seconde main,Amazon,D'occasion - Très bon,N/A,2024-10-29 19:14:47
195949773488.0,B0DGHZDQ82,Iphone 16 pro 1T Noir Titanium,0,N/A,N/A,N/A,Neuf,N/A,2024-10-29 19:19:05
195949037863.0,B0CHX6SD96,Iphone 15 512Go Noir,0,1189.00,Amazon,Amazon,Neuf,N/A,2024-10-29 19:23:25
195949036965.0,B0CHX13YPM,Iphone 15 256Go Noir,0,994.24,Amazon,Amazon,Neuf,N/A,2024-10-29 19:27:45
195949036064.0,B0CHXFCYCR,Iphone 15 128Go Noir,0,809.00,Amazon,Amazon,Neuf,N/A,2024-10-29 19:32:05
195949036064.0,B0CHXFCYCR,Iphone 15 128Go Noir,1,776.64,Amazon Seconde main,Amazon,D'occasion - Très bon,N/A,2024-10-29 19:32:07
195949042539.0,B0CHXFFT8Z,Iphone 15+ 512Go Noir,0,1349.00,Amazon,Amazon,Neuf,N/A,2024-10-29 19:36:25
195949041631.0,B0CHX9XFRN,Iphone 15+ 256Go Noir,0,1039.00,Amazon,Amazon,Neuf,N/A,2024-10-29 19:40:45
195949040733.0,B0CHX3ZTJQ,Iphone 15+ 128Go Noir,0,969.00,Amazon,Amazon,Neuf,N/A,2024-10-29 19:45:05
195949020735.0,B0CHWZ6YYV,Iphone 15 pro 1T Noir Titanium,0,1623.53,Amazon,Amazon,Neuf,N/A,2024-10-29 19:49:25
195949823763.0,B0DGHRL7DB,Iphone 16 512Go Noir Titane,0,1349.00,Amazon,Amazon,Neuf,N/A,2024-10-29 19:54:27
195949823763.0,B0DGHRL7DB,Iphone 16 512Go Noir Titane,1,1295.04,Amazon Seconde main,Amazon,D'occasion - Très bon,N/A,2024-10-29 19:54:29
195949822865.0,B0DGHSG5CD,Iphone 16 256Go Noir Titane,0,1099.00,Amazon,Amazon,Neuf,N/A,2024-10-29 19:58:48
195949822865.0,B0DGHSG5CD,Iphone 16 256Go Noir Titane,1,1055.04,Amazon Seconde main,Amazon,D'occasion - Très bon,N/A,2024-10-29 19:58:49
195949821967.0,B0DGHY5KG8,Iphone 16 128Go Noir Titane,0,969.00,Amazon,Amazon,Neuf,N/A,2024-10-29 20:03:08
195949724169.0,B0DGJ4RRSD,Iphone 16 plus 512Go Noir,0,1499.00,Amazon,Amazon,Neuf,N/A,2024-10-29 20:07:28
195949723216.0,B0DGHMSMST,Iphone 16 plus 256Go Noir,0,1249.00,Amazon,Amazon,Neuf,N/A,2024-10-29 20:11:48
195949723216.0,B0DGHMSMST,Iphone 16 plus 256Go Noir,1,1158.22,Amazon Seconde main,Amazon,D'occasion - Comme neuf,N/A,2024-10-29 20:11:50
195949723216.0,B0DGHMSMST,Iphone 16 plus 256Go Noir,1,1158.22,Amazon Seconde main,Amazon,D'occasion - Comme neuf,N/A,2024-10-29 20:11:50
195949722264.0,B0DGHRPFTH,Iphone 16 plus 128Go Noir,0,1119.00,Amazon,Amazon,Neuf,N/A,2024-10-29 20:16:08
195949722264.0,B0DGHRPFTH,Iphone 16 plus 128Go Noir,1,1074.24,Amazon Seconde main,Amazon,D'occasion - Très bon,N/A,2024-10-29 20:16:10
195949773488.0,B0DGHZDQ82,Iphone 16 pro 1T Noir Titanium,0,N/A,N/A,N/A,Neuf,N/A,2024-10-29 20:20:28
195949037863.0,B0CHX6SD96,Iphone 15 512Go Noir,0,1189.00,Amazon,Amazon,Neuf,N/A,2024-10-29 20:24:48
195949036965.0,B0CHX13YPM,Iphone 15 256Go Noir,0,994.28,Amazon,Amazon,Neuf,N/A,2024-10-29 20:29:08
195949036064.0,B0CHXFCYCR,Iphone 15 128Go Noir,0,809.00,Amazon,Amazon,Neuf,N/A,2024-10-29 20:33:29
195949036064.0,B0CHXFCYCR,Iphone 15 128Go Noir,1,776.64,Amazon Seconde main,Amazon,D'occasion - Très bon,N/A,2024-10-29 20:33:31
195949036064.0,B0CHXFCYCR,Iphone 15 128Go Noir,1,776.64,Amazon Seconde main,Amazon,D'occasion - Très bon,N/A,2024-10-29 20:33:31
195949036064.0,B0CHXFCYCR,Iphone 15 128Go Noir,1,776.64,Amazon Seconde main,Amazon,D'occasion - Très bon,N/A,2024-10-29 20:33:31
195949036064.0,B0CHXFCYCR,Iphone 15 128Go Noir,1,776.64,Amazon Seconde main,Amazon,D'occasion - Très bon,N/A,2024-10-29 20:33:31
195949036064.0,B0CHXFCYCR,Iphone 15 128Go Noir,1,776.64,Amazon Seconde main,Amazon,D'occasion - Très bon,N/A,2024-10-29 20:33:31
195949036064.0,B0CHXFCYCR,Iphone 15 128Go Noir,1,776.64,Amazon Seconde main,Amazon,D'occasion - Très bon,N/A,2024-10-29 20:33:31
195949036064.0,B0CHXFCYCR,Iphone 15 128Go Noir,1,776.64,Amazon Seconde main,Amazon,D'occasion - Très bon,N/A,2024-10-29 20:33:31
195949042539.0,B0CHXFFT8Z,Iphone 15+ 512Go Noir,0,1349.00,Amazon,Amazon,Neuf,N/A,2024-10-29 20:37:49
195949041631.0,B0CHX9XFRN,Iphone 15+ 256Go Noir,0,1039.00,Amazon,Amazon,Neuf,N/A,2024-10-29 20:42:09
195949040733.0,B0CHX3ZTJQ,Iphone 15+ 128Go Noir,0,969.00,Amazon,Amazon,Neuf,N/A,2024-10-29 20:46:29
195949020735.0,B0CHWZ6YYV,Iphone 15 pro 1T Noir Titanium,0,1623.53,Amazon,Amazon,Neuf,N/A,2024-10-29 20:50:49
195949823763.0,B0DGHRL7DB,Iphone 16 512Go Noir Titane,0,1349.00,Amazon,Amazon,Neuf,N/A,2024-10-29 20:55:52
195949823763.0,B0DGHRL7DB,Iphone 16 512Go Noir Titane,1,1295.04,Amazon Seconde main,Amazon,D'occasion - Très bon,N/A,2024-10-29 20:55:53
195949822865.0,B0DGHSG5CD,Iphone 16 256Go Noir Titane,0,1099.00,Amazon,Amazon,Neuf,N/A,2024-10-29 21:00:12
195949822865.0,B0DGHSG5CD,Iphone 16 256Go Noir Titane,1,1055.04,Amazon Seconde main,Amazon,D'occasion - Très bon,N/A,2024-10-29 21:00:13
195949821967.0,B0DGHY5KG8,Iphone 16 128Go Noir Titane,0,969.00,Amazon,Amazon,Neuf,N/A,2024-10-29 21:04:32
195949724169.0,B0DGJ4RRSD,Iphone 16 plus 512Go Noir,0,1499.00,Amazon,Amazon,Neuf,N/A,2024-10-29 21:08:52
195949723216.0,B0DGHMSMST,Iphone 16 plus 256Go Noir,0,1249.00,Amazon,Amazon,Neuf,N/A,2024-10-29 21:13:12
195949723216.0,B0DGHMSMST,Iphone 16 plus 256Go Noir,1,1158.22,Amazon Seconde main,Amazon,D'occasion - Comme neuf,N/A,2024-10-29 21:13:14
195949723216.0,B0DGHMSMST,Iphone 16 plus 256Go Noir,1,1158.22,Amazon Seconde main,Amazon,D'occasion - Comme neuf,N/A,2024-10-29 21:13:14
195949722264.0,B0DGHRPFTH,Iphone 16 plus 128Go Noir,0,1119.00,Amazon,Amazon,Neuf,N/A,2024-10-29 21:17:33
195949722264.0,B0DGHRPFTH,Iphone 16 plus 128Go Noir,1,1074.24,Amazon Seconde main,Amazon,D'occasion - Très bon,N/A,2024-10-29 21:17:36
195949773488.0,B0DGHZDQ82,Iphone 16 pro 1T Noir Titanium,0,1231.23,N/A,Amazon,Neuf,N/A,2024-10-29 21:21:54
195949773488.0,B0DGHZDQ82,Iphone 16 pro 1T Noir Titanium,1,1231.23,Amazon Seconde main,Amazon,D'occasion - Très bon,N/A,2024-10-29 21:21:56
195949773488.0,B0DGHZDQ82,Iphone 16 pro 1T Noir Titanium,1,1244.05,Amazon Seconde main,Amazon,D'occasion - Comme neuf,N/A,2024-10-29 21:21:56
195949037863.0,B0CHX6SD96,Iphone 15 512Go Noir,0,1189.00,Amazon,Amazon,Neuf,N/A,2024-10-29 21:26:14
195949036965.0,B0CHX13YPM,Iphone 15 256Go Noir,0,994.32,Amazon,Amazon,Neuf,N/A,2024-10-29 21:30:34
195949036064.0,B0CHXFCYCR,Iphone 15 128Go Noir,0,809.00,Amazon,Amazon,Neuf,N/A,2024-10-29 21:34:55
195949036064.0,B0CHXFCYCR,Iphone 15 128Go Noir,1,776.64,Amazon Seconde main,Amazon,D'occasion - Très bon,N/A,2024-10-29 21:34:57
195949042539.0,B0CHXFFT8Z,Iphone 15+ 512Go Noir,0,1349.00,Amazon,Amazon,Neuf,N/A,2024-10-29 21:39:15
195949041631.0,B0CHX9XFRN,Iphone 15+ 256Go Noir,0,1039.00,Amazon,Amazon,Neuf,N/A,2024-10-29 21:43:35
195949040733.0,B0CHX3ZTJQ,Iphone 15+ 128Go Noir,0,969.00,Amazon,Amazon,Neuf,N/A,2024-10-29 21:47:55
195949020735.0,B0CHWZ6YYV,Iphone 15 pro 1T Noir Titanium,0,1623.53,Amazon,Amazon,Neuf,N/A,2024-10-29 21:52:15
195949823763.0,B0DGHRL7DB,Iphone 16 512Go Noir Titane,0,1349.00,Amazon,Amazon,Neuf,N/A,2024-10-29 21:57:17
195949823763.0,B0DGHRL7DB,Iphone 16 512Go Noir Titane,1,1295.04,Amazon Seconde main,Amazon,D'occasion - Très bon,N/A,2024-10-29 21:57:19
195949822865.0,B0DGHSG5CD,Iphone 16 256Go Noir Titane,0,1099.00,Amazon,Amazon,Neuf,N/A,2024-10-29 22:01:38
195949822865.0,B0DGHSG5CD,Iphone 16 256Go Noir Titane,1,1055.04,Amazon Seconde main,Amazon,D'occasion - Très bon,N/A,2024-10-29 22:01:39
195949821967.0,B0DGHY5KG8,Iphone 16 128Go Noir Titane,0,969.00,Amazon,Amazon,Neuf,N/A,2024-10-29 22:05:58
195949724169.0,B0DGJ4RRSD,Iphone 16 plus 512Go Noir,0,1499.00,Amazon,Amazon,Neuf,N/A,2024-10-29 22:10:18
195949723216.0,B0DGHMSMST,Iphone 16 plus 256Go Noir,0,1249.00,Amazon,Amazon,Neuf,N/A,2024-10-29 22:14:38
195949723216.0,B0DGHMSMST,Iphone 16 plus 256Go Noir,1,1158.22,Amazon Seconde main,Amazon,D'occasion - Comme neuf,N/A,2024-10-29 22:14:40
195949723216.0,B0DGHMSMST,Iphone 16 plus 256Go Noir,1,1158.22,Amazon Seconde main,Amazon,D'occasion - Comme neuf,N/A,2024-10-29 22:14:40
195949722264.0,B0DGHRPFTH,Iphone 16 plus 128Go Noir,0,1119.00,Amazon,Amazon,Neuf,N/A,2024-10-29 22:18:58
195949722264.0,B0DGHRPFTH,Iphone 16 plus 128Go Noir,1,1074.24,Amazon Seconde main,Amazon,D'occasion - Très bon,N/A,2024-10-29 22:19:00
195949773488.0,B0DGHZDQ82,Iphone 16 pro 1T Noir Titanium,0,N/A,N/A,N/A,Neuf,N/A,2024-10-29 22:23:18
195949037863.0,B0CHX6SD96,Iphone 15 512Go Noir,0,1189.00,Amazon,Amazon,Neuf,N/A,2024-10-29 22:27:38
195949036965.0,B0CHX13YPM,Iphone 15 256Go Noir,0,994.35,Amazon,Amazon,Neuf,N/A,2024-10-29 22:31:58
195949036064.0,B0CHXFCYCR,Iphone 15 128Go Noir,0,809.00,Amazon,Amazon,Neuf,N/A,2024-10-29 22:36:18
195949036064.0,B0CHXFCYCR,Iphone 15 128Go Noir,1,776.64,Amazon Seconde main,Amazon,D'occasion - Très bon,N/A,2024-10-29 22:36:20
195949042539.0,B0CHXFFT8Z,Iphone 15+ 512Go Noir,0,1349.00,Amazon,Amazon,Neuf,N/A,2024-10-29 22:40:38
195949041631.0,B0CHX9XFRN,Iphone 15+ 256Go Noir,0,1039.00,Amazon,Amazon,Neuf,N/A,2024-10-29 22:44:58
195949040733.0,B0CHX3ZTJQ,Iphone 15+ 128Go Noir,0,969.00,Amazon,Amazon,Neuf,N/A,2024-10-29 22:49:18
195949020735.0,B0CHWZ6YYV,Iphone 15 pro 1T Noir Titanium,0,1623.53,Amazon,Amazon,Neuf,N/A,2024-10-29 22:53:38
